{"type":"FeatureCollection","features":[{"type":"Feature","properties":{"id":"31.71.01.1001","name":"Gambir"},"geometry":{"type":"Polygon","coordinates":[[[106.82543,-6.16719],[106.82233,-6.16748],[106.82095,-6.16738],[106.82151,-6.17062],[106.82164,-6.17287],[106.82063,-6.17541],[106.81682,-6.18188],[106.82187,-6.18333],[106.83413,-6.18259],[106.83657,-6.18165],[106.83532,-6.18105],[106.83507,-6.18062],[106.83574,-6.17971],[106.8365,-6.17916],[106.83694,-6.17795],[106.83652,-6.17782],[106.83592,-6.17825],[106.83528,-6.17841],[106.8347,-6.17813],[106.8346,-6.17786],[106.83507,-6.17654],[106.83426,-6.17468],[106.83321,-6.17571],[106.83268,-6.17578],[106.83228,-6.17563],[106.83219,-6.1752],[106.83246,-6.1741],[106.83313,-6.17247],[106.83183,-6.17217],[106.83119,-6.17164],[106.82987,-6.17108],[106.83049,-6.16811],[106.82543,-6.16719]]]}},{"type":"Feature","properties":{"id":"31.71.01.1002","name":"Cideng"},"geometry":{"type":"Polygon","coordinates":[[[106.81106,-6.17183],[106.8105,-6.16566],[106.80543,-6.16602],[106.80036,-6.166],[106.80974,-6.17968],[106.81034,-6.18523],[106.81359,-6.18236],[106.81445,-6.18181],[106.8136,-6.18141],[106.81322,-6.18057],[106.81106,-6.17183]]]}},{"type":"Feature","properties":{"id":"31.71.01.1003","name":"Petojo Utara"},"geometry":{"type":"Polygon","coordinates":[[[106.8207,-6.16701],[106.81907,-6.15975],[106.8149,-6.16042],[106.81076,-6.16082],[106.8105,-6.16566],[106.81099,-6.17102],[106.81891,-6.16955],[106.82053,-6.168],[106.82095,-6.16739],[106.8207,-6.16701]]]}},{"type":"Feature","properties":{"id":"31.71.01.1004","name":"Petojo Selatan"},"geometry":{"type":"Polygon","coordinates":[[[106.81682,-6.18188],[106.82063,-6.17541],[106.82164,-6.17287],[106.82151,-6.17062],[106.82095,-6.16739],[106.81937,-6.16925],[106.81891,-6.16955],[106.81099,-6.17102],[106.8134,-6.18117],[106.81374,-6.18154],[106.81445,-6.18181],[106.81499,-6.18153],[106.81549,-6.18153],[106.81682,-6.18188]]]}},{"type":"Feature","properties":{"id":"31.71.01.1005","name":"Kebon Kelapa"},"geometry":{"type":"Polygon","coordinates":[[[106.83049,-6.16701],[106.83005,-6.1649],[106.82838,-6.1623],[106.82062,-6.15953],[106.81907,-6.15975],[106.8207,-6.16701],[106.82092,-6.16738],[106.82233,-6.16748],[106.82548,-6.1672],[106.83011,-6.16816],[106.83049,-6.16811],[106.83049,-6.16701]]]}},{"type":"Feature","properties":{"id":"31.71.01.1006","name":"Duri Pulo"},"geometry":{"type":"Polygon","coordinates":[[[106.80164,-6.16014],[106.80157,-6.15904],[106.80128,-6.15903],[106.801,-6.15973],[106.80042,-6.16037],[106.79819,-6.1614],[106.79933,-6.16411],[106.80036,-6.166],[106.80543,-6.16602],[106.8105,-6.16566],[106.81076,-6.16082],[106.80917,-6.16123],[106.80413,-6.16178],[106.80289,-6.16127],[106.80199,-6.16013],[106.80164,-6.16014]]]}},{"type":"Feature","properties":{"id":"31.71.02.1001","name":"Pasar Baru"},"geometry":{"type":"Polygon","coordinates":[[[106.83712,-6.15922],[106.83654,-6.1569],[106.83465,-6.15744],[106.83397,-6.15798],[106.8334,-6.15793],[106.8275,-6.15983],[106.82802,-6.16171],[106.82983,-6.16443],[106.83039,-6.16602],[106.83046,-6.16877],[106.82987,-6.17108],[106.83119,-6.17164],[106.83183,-6.17217],[106.83313,-6.17247],[106.83219,-6.1752],[106.83228,-6.17563],[106.83258,-6.17577],[106.83279,-6.17461],[106.83432,-6.17276],[106.83633,-6.17573],[106.83833,-6.17403],[106.83886,-6.17377],[106.84031,-6.17215],[106.84062,-6.17207],[106.83736,-6.15912],[106.83712,-6.15922]]]}},{"type":"Feature","properties":{"id":"31.71.02.1002","name":"Karang Anyar"},"geometry":{"type":"Polygon","coordinates":[[[106.8304,-6.15132],[106.8299,-6.14797],[106.82677,-6.14851],[106.82732,-6.15221],[106.8275,-6.15983],[106.83166,-6.1585],[106.83143,-6.15766],[106.83127,-6.153],[106.83113,-6.15227],[106.83088,-6.15218],[106.83078,-6.15117],[106.8304,-6.15132]]]}},{"type":"Feature","properties":{"id":"31.71.02.1003","name":"Kartini"},"geometry":{"type":"Polygon","coordinates":[[[106.83186,-6.1484],[106.83073,-6.14788],[106.8299,-6.14797],[106.8304,-6.15133],[106.83078,-6.15117],[106.83088,-6.15218],[106.83113,-6.15227],[106.83127,-6.153],[106.83143,-6.15766],[106.83166,-6.1585],[106.83352,-6.1579],[106.83397,-6.15798],[106.83465,-6.15744],[106.83653,-6.15692],[106.83451,-6.14919],[106.83186,-6.1484]]]}},{"type":"Feature","properties":{"id":"31.71.02.1004","name":"Gunung Sahari Utara"},"geometry":{"type":"Polygon","coordinates":[[[106.83712,-6.14602],[106.83655,-6.1443],[106.83566,-6.14305],[106.83438,-6.14207],[106.83308,-6.14156],[106.83396,-6.14561],[106.83393,-6.14719],[106.83712,-6.15922],[106.84041,-6.15817],[106.83952,-6.15448],[106.83985,-6.15436],[106.83966,-6.15355],[106.83995,-6.15311],[106.84101,-6.153],[106.84127,-6.15256],[106.84113,-6.15112],[106.84127,-6.15074],[106.84527,-6.15347],[106.85041,-6.15276],[106.84834,-6.14174],[106.84531,-6.14233],[106.84396,-6.14492],[106.83841,-6.14178],[106.83731,-6.14454],[106.83712,-6.14602]]]}},{"type":"Feature","properties":{"id":"31.71.02.1005","name":"Mangga Dua Selatan"},"geometry":{"type":"Polygon","coordinates":[[[106.83408,-6.14783],[106.83396,-6.14561],[106.83308,-6.14157],[106.83164,-6.14086],[106.83076,-6.13949],[106.8307,-6.13514],[106.82775,-6.13588],[106.82132,-6.13686],[106.82178,-6.1375],[106.82287,-6.14092],[106.82592,-6.14604],[106.82677,-6.14851],[106.83064,-6.14787],[106.83208,-6.14853],[106.83451,-6.14919],[106.83408,-6.14783]]]}},{"type":"Feature","properties":{"id":"31.71.03.1001","name":"Kemayoran"},"geometry":{"type":"Polygon","coordinates":[[[106.84617,-6.16818],[106.84858,-6.16814],[106.84833,-6.16521],[106.84797,-6.1644],[106.84888,-6.16319],[106.85049,-6.16163],[106.85003,-6.16127],[106.84897,-6.16063],[106.84059,-6.16307],[106.84271,-6.1686],[106.84507,-6.16848],[106.84617,-6.16818]]]}},{"type":"Feature","properties":{"id":"31.71.03.1002","name":"Kebon Kosong"},"geometry":{"type":"Polygon","coordinates":[[[106.85258,-6.1645],[106.85715,-6.15697],[106.86029,-6.15381],[106.85668,-6.15183],[106.85041,-6.15276],[106.85191,-6.16097],[106.85018,-6.16138],[106.85049,-6.16163],[106.84888,-6.16319],[106.84797,-6.1644],[106.84833,-6.16521],[106.84857,-6.16814],[106.84878,-6.16815],[106.85205,-6.16481],[106.85258,-6.1645]]]}},{"type":"Feature","properties":{"id":"31.71.03.1003","name":"Harapan Mulia"},"geometry":{"type":"Polygon","coordinates":[[[106.85914,-6.16647],[106.8573,-6.16549],[106.85669,-6.16642],[106.85553,-6.16647],[106.85613,-6.169],[106.85542,-6.16919],[106.85496,-6.16897],[106.8523,-6.16905],[106.85204,-6.17463],[106.85764,-6.17399],[106.85688,-6.17151],[106.85899,-6.17162],[106.85949,-6.16895],[106.85981,-6.16656],[106.85926,-6.16619],[106.85914,-6.16647]]]}},{"type":"Feature","properties":{"id":"31.71.03.1004","name":"Serdang"},"geometry":{"type":"Polygon","coordinates":[[[106.8632,-6.16418],[106.86691,-6.15755],[106.86033,-6.15378],[106.85721,-6.15689],[106.85524,-6.16011],[106.85839,-6.16225],[106.85859,-6.16188],[106.85975,-6.16232],[106.86187,-6.16329],[106.8632,-6.16418]]]}},{"type":"Feature","properties":{"id":"31.71.03.1005","name":"Gunung Sahari Selatan"},"geometry":{"type":"Polygon","coordinates":[[[106.84462,-6.15305],[106.84127,-6.15074],[106.84113,-6.15112],[106.84127,-6.15256],[106.84101,-6.153],[106.83995,-6.15311],[106.83966,-6.15355],[106.83985,-6.15436],[106.83952,-6.15448],[106.84041,-6.15817],[106.83736,-6.15912],[106.84058,-6.17184],[106.84295,-6.1716],[106.84274,-6.16867],[106.84059,-6.16307],[106.84897,-6.16063],[106.85018,-6.16138],[106.85191,-6.16097],[106.85041,-6.15276],[106.84561,-6.1535],[106.84462,-6.15305]]]}},{"type":"Feature","properties":{"id":"31.71.03.1006","name":"Cempaka Baru"},"geometry":{"type":"Polygon","coordinates":[[[106.86432,-6.1648],[106.86334,-6.16434],[106.86187,-6.16329],[106.85859,-6.16188],[106.85839,-6.16225],[106.85911,-6.16271],[106.8573,-6.16549],[106.85834,-6.16621],[106.8591,-6.16648],[106.85926,-6.16619],[106.85981,-6.16656],[106.85899,-6.17162],[106.85688,-6.17151],[106.85764,-6.17399],[106.86053,-6.17322],[106.87117,-6.16827],[106.8707,-6.1676],[106.86902,-6.16689],[106.8674,-6.16646],[106.86526,-6.16497],[106.86432,-6.1648]]]}},{"type":"Feature","properties":{"id":"31.71.03.1007","name":"Sumur Batu"},"geometry":{"type":"Polygon","coordinates":[[[106.87706,-6.16353],[106.87189,-6.16034],[106.86691,-6.15755],[106.8632,-6.16418],[106.86415,-6.16477],[106.86526,-6.16497],[106.8674,-6.16646],[106.86902,-6.16689],[106.8707,-6.1676],[106.87117,-6.16827],[106.87258,-6.16761],[106.87654,-6.1664],[106.8789,-6.16642],[106.8814,-6.16252],[106.87706,-6.16353]]]}},{"type":"Feature","properties":{"id":"31.71.03.1008","name":"Utan Panjang"},"geometry":{"type":"Polygon","coordinates":[[[106.85669,-6.16642],[106.85911,-6.16271],[106.85524,-6.16011],[106.85254,-6.16463],[106.8523,-6.16459],[106.85205,-6.16481],[106.84876,-6.16816],[106.84922,-6.16871],[106.85101,-6.169],[106.85592,-6.16909],[106.85613,-6.169],[106.85553,-6.16647],[106.85669,-6.16642]]]}},{"type":"Feature","properties":{"id":"31.71.04.1001","name":"Senen"},"geometry":{"type":"Polygon","coordinates":[[[106.84341,-6.17755],[106.84522,-6.17529],[106.84379,-6.17148],[106.84348,-6.16857],[106.84271,-6.1686],[106.84295,-6.1716],[106.84058,-6.17184],[106.84062,-6.17207],[106.84031,-6.17215],[106.83898,-6.17367],[106.83633,-6.17573],[106.83432,-6.17276],[106.83279,-6.17461],[106.83265,-6.17578],[106.83329,-6.17566],[106.83426,-6.17468],[106.83507,-6.17654],[106.8346,-6.17786],[106.8347,-6.17813],[106.83528,-6.17841],[106.83592,-6.17825],[106.83652,-6.17782],[106.83692,-6.17789],[106.8365,-6.17916],[106.83574,-6.17971],[106.83507,-6.18062],[106.83532,-6.18105],[106.83666,-6.18171],[106.83874,-6.18109],[106.83926,-6.18074],[106.84341,-6.17755]]]}},{"type":"Feature","properties":{"id":"31.71.04.1002","name":"Kenari"},"geometry":{"type":"Polygon","coordinates":[[[106.84764,-6.1909],[106.84414,-6.18481],[106.84161,-6.18638],[106.84077,-6.18717],[106.84168,-6.1876],[106.84185,-6.18795],[106.84172,-6.18833],[106.84111,-6.18888],[106.8412,-6.18944],[106.8427,-6.19081],[106.84477,-6.19168],[106.84529,-6.19216],[106.84522,-6.19246],[106.84378,-6.19356],[106.8436,-6.19454],[106.84376,-6.1954],[106.84397,-6.1956],[106.84456,-6.19582],[106.84549,-6.19576],[106.84587,-6.19599],[106.84582,-6.19644],[106.845,-6.19804],[106.84512,-6.19888],[106.84604,-6.19942],[106.84744,-6.19844],[106.84883,-6.19844],[106.84943,-6.19943],[106.85057,-6.20059],[106.85107,-6.20162],[106.85388,-6.19942],[106.85386,-6.19918],[106.8533,-6.19891],[106.8502,-6.19579],[106.84764,-6.1909]]]}},{"type":"Feature","properties":{"id":"31.71.04.1003","name":"Paseban"},"geometry":{"type":"Polygon","coordinates":[[[106.85838,-6.19617],[106.85172,-6.18726],[106.85135,-6.18752],[106.85126,-6.18796],[106.8495,-6.18853],[106.84707,-6.18993],[106.8502,-6.19579],[106.8533,-6.19891],[106.85386,-6.19918],[106.85388,-6.19942],[106.85838,-6.19617]]]}},{"type":"Feature","properties":{"id":"31.71.04.1004","name":"Kramat"},"geometry":{"type":"Polygon","coordinates":[[[106.84707,-6.18993],[106.8495,-6.18853],[106.85126,-6.18796],[106.85135,-6.18752],[106.85172,-6.18726],[106.84669,-6.18054],[106.845,-6.17552],[106.84363,-6.17734],[106.84213,-6.17857],[106.84312,-6.18308],[106.84611,-6.18853],[106.84707,-6.18993]]]}},{"type":"Feature","properties":{"id":"31.71.04.1005","name":"Kwitang"},"geometry":{"type":"Polygon","coordinates":[[[106.84161,-6.18638],[106.84414,-6.18481],[106.84308,-6.18297],[106.84213,-6.17857],[106.83881,-6.18105],[106.83666,-6.18171],[106.83687,-6.18189],[106.83685,-6.18236],[106.83625,-6.18387],[106.8362,-6.18453],[106.83651,-6.18499],[106.83783,-6.18606],[106.83965,-6.18546],[106.84064,-6.18552],[106.84085,-6.18595],[106.84047,-6.18694],[106.84077,-6.18725],[106.84161,-6.18638]]]}},{"type":"Feature","properties":{"id":"31.71.04.1006","name":"Bungur"},"geometry":{"type":"Polygon","coordinates":[[[106.84869,-6.16815],[106.84617,-6.16818],[106.84507,-6.16848],[106.84348,-6.16857],[106.84379,-6.17148],[106.84522,-6.17529],[106.84557,-6.17509],[106.85204,-6.17463],[106.8523,-6.16907],[106.84922,-6.16871],[106.84869,-6.16815]]]}},{"type":"Feature","properties":{"id":"31.71.05.1001","name":"Cempaka Putih Timur"},"geometry":{"type":"Polygon","coordinates":[[[106.87546,-6.18806],[106.87617,-6.17554],[106.87795,-6.16872],[106.8789,-6.16642],[106.87654,-6.1664],[106.87258,-6.16761],[106.86534,-6.17098],[106.86624,-6.17307],[106.86602,-6.17346],[106.86471,-6.17412],[106.86428,-6.17474],[106.86439,-6.17696],[106.86891,-6.18224],[106.86966,-6.18419],[106.86999,-6.18609],[106.87024,-6.18564],[106.87182,-6.18564],[106.87378,-6.18671],[106.87478,-6.18779],[106.87546,-6.18806]]]}},{"type":"Feature","properties":{"id":"31.71.05.1002","name":"Cempaka Putih Barat"},"geometry":{"type":"Polygon","coordinates":[[[106.86891,-6.18224],[106.86431,-6.17672],[106.86437,-6.17453],[106.86471,-6.17412],[106.86602,-6.17346],[106.86624,-6.17307],[106.86534,-6.17098],[106.86053,-6.17322],[106.85768,-6.17399],[106.85993,-6.18123],[106.86137,-6.18116],[106.86169,-6.18146],[106.86243,-6.18551],[106.86345,-6.18708],[106.86375,-6.18805],[106.86656,-6.18683],[106.86941,-6.18742],[106.86969,-6.18728],[106.86999,-6.18609],[106.86966,-6.18419],[106.86891,-6.18224]]]}},{"type":"Feature","properties":{"id":"31.71.05.1003","name":"Rawasari"},"geometry":{"type":"Polygon","coordinates":[[[106.87478,-6.18779],[106.87378,-6.18671],[106.87182,-6.18564],[106.87024,-6.18564],[106.86953,-6.18741],[106.86703,-6.18682],[106.86629,-6.18689],[106.86265,-6.18862],[106.85999,-6.1892],[106.8554,-6.19211],[106.85838,-6.19617],[106.86252,-6.19348],[106.8649,-6.19265],[106.87242,-6.19196],[106.87511,-6.1923],[106.87546,-6.18806],[106.87478,-6.18779]]]}},{"type":"Feature","properties":{"id":"31.71.06.1001","name":"Menteng"},"geometry":{"type":"Polygon","coordinates":[[[106.82074,-6.19411],[106.82065,-6.19478],[106.82096,-6.19557],[106.82312,-6.1978],[106.82315,-6.20049],[106.82275,-6.20267],[106.83082,-6.20447],[106.83738,-6.20544],[106.8464,-6.20861],[106.84726,-6.20858],[106.84827,-6.20796],[106.84005,-6.197],[106.82074,-6.19411]]]}},{"type":"Feature","properties":{"id":"31.71.06.1002","name":"Pegangsaan"},"geometry":{"type":"Polygon","coordinates":[[[106.84443,-6.1958],[106.84385,-6.19551],[106.84372,-6.19524],[106.84213,-6.19694],[106.84118,-6.19703],[106.84098,-6.1968],[106.84005,-6.197],[106.84827,-6.20796],[106.84906,-6.20758],[106.84941,-6.20616],[106.85008,-6.20556],[106.85132,-6.20596],[106.85262,-6.20593],[106.85375,-6.20658],[106.85513,-6.20575],[106.85564,-6.20483],[106.85575,-6.20416],[106.85561,-6.20308],[106.85525,-6.20252],[106.8528,-6.20188],[106.85146,-6.20244],[106.85057,-6.20059],[106.84943,-6.19943],[106.84877,-6.19841],[106.84766,-6.19837],[106.84701,-6.19865],[106.84623,-6.19935],[106.84573,-6.19936],[106.84512,-6.19888],[106.84497,-6.19829],[106.84587,-6.19599],[106.84549,-6.19576],[106.84443,-6.1958]]]}},{"type":"Feature","properties":{"id":"31.71.06.1003","name":"Cikini"},"geometry":{"type":"Polygon","coordinates":[[[106.83626,-6.18675],[106.83298,-6.18707],[106.83415,-6.18913],[106.84005,-6.197],[106.84098,-6.1968],[106.84118,-6.19703],[106.84213,-6.19694],[106.84372,-6.19524],[106.8436,-6.19454],[106.84378,-6.19356],[106.84522,-6.19246],[106.84529,-6.19216],[106.84477,-6.19168],[106.8427,-6.19081],[106.84111,-6.18933],[106.84111,-6.18888],[106.84184,-6.18813],[106.84168,-6.1876],[106.84077,-6.18725],[106.84008,-6.18804],[106.83938,-6.18728],[106.83648,-6.18705],[106.83626,-6.18675]]]}},{"type":"Feature","properties":{"id":"31.71.06.1004","name":"Gondangdia"},"geometry":{"type":"Polygon","coordinates":[[[106.83062,-6.18735],[106.82256,-6.18697],[106.82244,-6.18897],[106.82127,-6.19111],[106.82072,-6.19411],[106.84005,-6.197],[106.83415,-6.18913],[106.83298,-6.18707],[106.83255,-6.18726],[106.83062,-6.18735]]]}},{"type":"Feature","properties":{"id":"31.71.06.1005","name":"Kebon Sirih"},"geometry":{"type":"Polygon","coordinates":[[[106.83783,-6.18606],[106.83651,-6.18499],[106.8362,-6.18453],[106.83625,-6.18387],[106.83688,-6.1822],[106.83687,-6.18189],[106.83657,-6.18165],[106.83413,-6.18259],[106.82187,-6.18333],[106.82174,-6.18349],[106.82221,-6.18383],[106.82243,-6.18445],[106.82256,-6.18697],[106.83011,-6.18721],[106.83083,-6.1874],[106.83276,-6.18724],[106.83429,-6.18683],[106.83593,-6.18689],[106.83621,-6.18666],[106.83648,-6.18705],[106.83938,-6.18728],[106.84003,-6.18803],[106.84066,-6.18752],[106.84077,-6.18725],[106.84046,-6.18687],[106.84086,-6.18586],[106.84064,-6.18552],[106.83965,-6.18546],[106.83783,-6.18606]]]}},{"type":"Feature","properties":{"id":"31.71.07.1001","name":"Gelora"},"geometry":{"type":"Polygon","coordinates":[[[106.80568,-6.21027],[106.80144,-6.20514],[106.79953,-6.20135],[106.79933,-6.2019],[106.79827,-6.2026],[106.79722,-6.20396],[106.79642,-6.20612],[106.79612,-6.20755],[106.7924,-6.20778],[106.79188,-6.20872],[106.79202,-6.20906],[106.79259,-6.20935],[106.79274,-6.21028],[106.79371,-6.21097],[106.79377,-6.2114],[106.79344,-6.21171],[106.79391,-6.21169],[106.79421,-6.21199],[106.79464,-6.21186],[106.79583,-6.21238],[106.79579,-6.21266],[106.79547,-6.21279],[106.79534,-6.21357],[106.79629,-6.21567],[106.79612,-6.21647],[106.79705,-6.21793],[106.79605,-6.22363],[106.79643,-6.22635],[106.79565,-6.22844],[106.79593,-6.22867],[106.79585,-6.22926],[106.79755,-6.22931],[106.79853,-6.2288],[106.79947,-6.22922],[106.80038,-6.22831],[106.80329,-6.22608],[106.8088,-6.22225],[106.81239,-6.21942],[106.80884,-6.21416],[106.80682,-6.21203],[106.80568,-6.21027]]]}},{"type":"Feature","properties":{"id":"31.71.07.1002","name":"Bendungan Hilir"},"geometry":{"type":"Polygon","coordinates":[[[106.81239,-6.21942],[106.81681,-6.21592],[106.81636,-6.21513],[106.81489,-6.21348],[106.81288,-6.21195],[106.81259,-6.21137],[106.81282,-6.21013],[106.81252,-6.20879],[106.80994,-6.20518],[106.81002,-6.20485],[106.81086,-6.20449],[106.81137,-6.2036],[106.81151,-6.2028],[106.81112,-6.20211],[106.81131,-6.20123],[106.81125,-6.19939],[106.80998,-6.19816],[106.80813,-6.20026],[106.80712,-6.20112],[106.80087,-6.20406],[106.8023,-6.20637],[106.80568,-6.21027],[106.80682,-6.21203],[106.80884,-6.21416],[106.81239,-6.21942]]]}},{"type":"Feature","properties":{"id":"31.71.07.1003","name":"Karet Tengsin"},"geometry":{"type":"Polygon","coordinates":[[[106.81838,-6.21463],[106.81978,-6.2129],[106.82156,-6.20941],[106.82197,-6.20809],[106.82275,-6.20267],[106.81281,-6.20042],[106.81127,-6.19959],[106.81131,-6.20123],[106.81112,-6.20211],[106.8115,-6.20268],[106.81143,-6.20343],[106.81086,-6.20449],[106.81038,-6.20462],[106.80992,-6.20505],[106.81252,-6.20879],[106.81282,-6.21013],[106.81264,-6.21151],[106.81306,-6.21212],[106.81489,-6.21348],[106.81636,-6.21513],[106.81681,-6.21592],[106.81838,-6.21463]]]}},{"type":"Feature","properties":{"id":"31.71.07.1004","name":"Petamburan"},"geometry":{"type":"Polygon","coordinates":[[[106.81065,-6.18894],[106.80943,-6.1887],[106.80716,-6.18891],[106.80677,-6.18913],[106.80637,-6.19076],[106.80554,-6.19274],[106.80505,-6.19581],[106.8043,-6.19737],[106.80359,-6.19788],[106.80277,-6.19904],[106.80023,-6.20028],[106.79953,-6.20135],[106.80087,-6.20406],[106.80712,-6.20112],[106.80813,-6.20026],[106.80998,-6.19816],[106.80953,-6.19647],[106.80942,-6.19266],[106.80955,-6.19168],[106.81065,-6.18894]]]}},{"type":"Feature","properties":{"id":"31.71.07.1005","name":"Kebon Melati"},"geometry":{"type":"Polygon","coordinates":[[[106.81185,-6.19133],[106.80987,-6.19091],[106.80951,-6.19191],[106.80942,-6.19369],[106.80953,-6.19647],[106.8098,-6.19788],[106.81127,-6.19959],[106.81281,-6.20042],[106.82275,-6.20267],[106.82315,-6.20049],[106.82312,-6.1978],[106.82096,-6.19557],[106.82065,-6.19478],[106.82069,-6.19437],[106.81584,-6.19356],[106.81471,-6.19289],[106.81277,-6.19098],[106.81191,-6.19102],[106.81185,-6.19133]]]}},{"type":"Feature","properties":{"id":"31.71.07.1006","name":"Kebon Kacang"},"geometry":{"type":"Polygon","coordinates":[[[106.82256,-6.18702],[106.81556,-6.18716],[106.81537,-6.18819],[106.81357,-6.18854],[106.81141,-6.18858],[106.8113,-6.18907],[106.81065,-6.18894],[106.80987,-6.19091],[106.81185,-6.19133],[106.81191,-6.19102],[106.81277,-6.19098],[106.81471,-6.19289],[106.81584,-6.19356],[106.82069,-6.19437],[106.82127,-6.19111],[106.82244,-6.18897],[106.82256,-6.18702]]]}},{"type":"Feature","properties":{"id":"31.71.07.1007","name":"Kampung Bali"},"geometry":{"type":"Polygon","coordinates":[[[106.82257,-6.18687],[106.82247,-6.18462],[106.82221,-6.18383],[106.82174,-6.18349],[106.82187,-6.18333],[106.8158,-6.18155],[106.81493,-6.18155],[106.8138,-6.18222],[106.81034,-6.18523],[106.81065,-6.18894],[106.8113,-6.18907],[106.81141,-6.18858],[106.81357,-6.18854],[106.81537,-6.18819],[106.81565,-6.18714],[106.82257,-6.18687]]]}},{"type":"Feature","properties":{"id":"31.71.08.1001","name":"Johar Baru"},"geometry":{"type":"Polygon","coordinates":[[[106.85435,-6.18147],[106.85441,-6.18098],[106.85381,-6.18028],[106.85175,-6.18126],[106.85148,-6.18564],[106.85186,-6.1871],[106.85174,-6.18729],[106.85539,-6.19212],[106.85999,-6.1892],[106.86265,-6.18862],[106.86375,-6.18805],[106.86345,-6.18708],[106.86245,-6.18554],[106.86171,-6.18151],[106.86144,-6.18118],[106.85686,-6.1812],[106.85435,-6.18147]]]}},{"type":"Feature","properties":{"id":"31.71.08.1002","name":"Kampung Rawa"},"geometry":{"type":"Polygon","coordinates":[[[106.85367,-6.17742],[106.85371,-6.17715],[106.85265,-6.17716],[106.85267,-6.17742],[106.85192,-6.17741],[106.85176,-6.18126],[106.85381,-6.18028],[106.85441,-6.18098],[106.85435,-6.18148],[106.85686,-6.1812],[106.85993,-6.18123],[106.85886,-6.17793],[106.85548,-6.17839],[106.85459,-6.1778],[106.85466,-6.17738],[106.85367,-6.17742]]]}},{"type":"Feature","properties":{"id":"31.71.08.1003","name":"Galur"},"geometry":{"type":"Polygon","coordinates":[[[106.85886,-6.17793],[106.85768,-6.17399],[106.85204,-6.17463],[106.85192,-6.17741],[106.85267,-6.17742],[106.85265,-6.17716],[106.85371,-6.17715],[106.85367,-6.17742],[106.85466,-6.17738],[106.85459,-6.1778],[106.85548,-6.17839],[106.85886,-6.17793]]]}},{"type":"Feature","properties":{"id":"31.71.08.1004","name":"Tanah Tinggi"},"geometry":{"type":"Polygon","coordinates":[[[106.85204,-6.17463],[106.84557,-6.17509],[106.845,-6.17552],[106.84669,-6.18054],[106.85174,-6.18729],[106.85186,-6.1871],[106.85148,-6.18551],[106.85204,-6.17463]]]}},{"type":"Feature","properties":{"id":"31.72.01.1001","name":"Penjaringan"},"geometry":{"type":"Polygon","coordinates":[[[106.79897,-6.09681],[106.79847,-6.09424],[106.80026,-6.09286],[106.80056,-6.09244],[106.79821,-6.09415],[106.79997,-6.10395],[106.79946,-6.10402],[106.79985,-6.10594],[106.79981,-6.1067],[106.79913,-6.10768],[106.79761,-6.10811],[106.79752,-6.10879],[106.79684,-6.10883],[106.79688,-6.10943],[106.79741,-6.11072],[106.7973,-6.11226],[106.79914,-6.11218],[106.80016,-6.11239],[106.80059,-6.11274],[106.80094,-6.11339],[106.80189,-6.11413],[106.80229,-6.11501],[106.80268,-6.11714],[106.80296,-6.121],[106.80287,-6.12264],[106.80165,-6.12365],[106.8018,-6.12423],[106.8021,-6.12444],[106.80209,-6.12516],[106.79737,-6.12525],[106.79436,-6.1246],[106.79416,-6.12405],[106.79387,-6.12451],[106.7919,-6.12555],[106.79196,-6.12682],[106.78395,-6.12537],[106.78402,-6.1267],[106.78516,-6.13142],[106.7901,-6.1322],[106.7926,-6.13237],[106.79301,-6.13726],[106.80025,-6.13658],[106.80026,-6.13544],[106.80052,-6.13461],[106.80117,-6.13366],[106.8018,-6.13318],[106.81048,-6.13084],[106.80944,-6.12787],[106.8097,-6.12698],[106.80936,-6.12587],[106.80922,-6.12449],[106.80876,-6.12367],[106.80882,-6.12233],[106.80816,-6.11829],[106.80765,-6.11608],[106.80726,-6.11609],[106.80711,-6.11558],[106.80597,-6.10828],[106.80625,-6.10823],[106.80449,-6.0993],[106.80416,-6.0974],[106.80432,-6.09733],[106.80423,-6.0964],[106.80381,-6.09443],[106.80303,-6.09458],[106.80446,-6.10196],[106.80242,-6.10226],[106.80197,-6.09979],[106.80087,-6.1],[106.79997,-6.09475],[106.79978,-6.09478],[106.80012,-6.09661],[106.79897,-6.09681]]]}},{"type":"Feature","properties":{"id":"31.72.01.1002","name":"Kamal Muara"},"geometry":{"type":"MultiPolygon","coordinates":[[[[106.72563,-6.08909],[106.72477,-6.08987],[106.72379,-6.09031],[106.72268,-6.09132],[106.72229,-6.09196],[106.721,-6.09144],[106.71924,-6.09269],[106.71861,-6.09163],[106.718,-6.09148],[106.71655,-6.09191],[106.71655,-6.09208],[106.71428,-6.09405],[106.71387,-6.09464],[106.71431,-6.09497],[106.71417,-6.09518],[106.71463,-6.09549],[106.71441,-6.09579],[106.71249,-6.09569],[106.71176,-6.09585],[106.71054,-6.09648],[106.71076,-6.0968],[106.71144,-6.09643],[106.71261,-6.09752],[106.7129,-6.09733],[106.71441,-6.09899],[106.71566,-6.10182],[106.71753,-6.10504],[106.71807,-6.10545],[106.72729,-6.11741],[106.73138,-6.12135],[106.73344,-6.12321],[106.73398,-6.12339],[106.73875,-6.12691],[106.7441,-6.12956],[106.74737,-6.13172],[106.7503,-6.1341],[106.75272,-6.13505],[106.75339,-6.13259],[106.75346,-6.13108],[106.75218,-6.11664],[106.751,-6.10647],[106.75095,-6.10088],[106.75057,-6.10082],[106.75035,-6.10047],[106.75026,-6.10001],[106.75044,-6.09986],[106.75028,-6.09944],[106.75013,-6.09939],[106.74959,-6.09994],[106.7486,-6.10022],[106.74705,-6.0999],[106.74696,-6.10002],[106.74678,-6.09986],[106.7464,-6.10132],[106.74577,-6.10055],[106.7455,-6.10104],[106.74531,-6.10076],[106.74513,-6.10179],[106.74414,-6.1019],[106.74181,-6.10125],[106.74151,-6.10207],[106.74067,-6.10188],[106.74062,-6.10079],[106.74007,-6.10071],[106.7402,-6.10062],[106.74005,-6.10047],[106.73944,-6.1003],[106.73818,-6.09935],[106.73773,-6.09967],[106.73742,-6.10027],[106.73628,-6.09951],[106.73618,-6.09931],[106.73647,-6.09859],[106.73562,-6.09799],[106.73392,-6.09604],[106.73314,-6.09584],[106.73266,-6.09625],[106.73169,-6.09769],[106.7312,-6.09755],[106.73127,-6.0972],[106.73087,-6.09688],[106.73085,-6.09658],[106.73041,-6.09626],[106.73004,-6.09624],[106.72988,-6.09571],[106.72925,-6.09519],[106.72912,-6.09483],[106.72866,-6.09466],[106.72863,-6.09482],[106.72719,-6.09352],[106.72753,-6.09338],[106.7276,-6.09308],[106.72754,-6.09284],[106.72729,-6.09288],[106.72707,-6.09242],[106.72692,-6.09243],[106.72723,-6.09218],[106.72678,-6.09173],[106.72685,-6.09204],[106.72657,-6.09233],[106.72629,-6.09244],[106.7261,-6.09225],[106.72588,-6.09165],[106.727,-6.09002],[106.72676,-6.08978],[106.72644,-6.09],[106.72563,-6.08909]]],[[[106.73444,-6.08177],[106.73404,-6.08183],[106.73333,-6.08238],[106.72942,-6.08581],[106.72905,-6.08627],[106.72868,-6.08728],[106.72872,-6.08809],[106.72902,-6.08892],[106.72936,-6.089],[106.73565,-6.09516],[106.73648,-6.09539],[106.73746,-6.09485],[106.73839,-6.09322],[106.73975,-6.08936],[106.74045,-6.08796],[106.74037,-6.08772],[106.74065,-6.08735],[106.74019,-6.08762],[106.7379,-6.0858],[106.73778,-6.08545],[106.7368,-6.08457],[106.73588,-6.08333],[106.73464,-6.08245],[106.73428,-6.08199],[106.73444,-6.08177]]],[[[106.75216,-6.0741],[106.75154,-6.07425],[106.75118,-6.07457],[106.75072,-6.07532],[106.75065,-6.07591],[106.74957,-6.07837],[106.74725,-6.08197],[106.74443,-6.08498],[106.74279,-6.08639],[106.74139,-6.08835],[106.74071,-6.08962],[106.73869,-6.09462],[106.73789,-6.09591],[106.73789,-6.09682],[106.7385,-6.09759],[106.74177,-6.09915],[106.74329,-6.09938],[106.7444,-6.0992],[106.74574,-6.09852],[106.74699,-6.0982],[106.75053,-6.09805],[106.75135,-6.09726],[106.75395,-6.08906],[106.75787,-6.0778],[106.75771,-6.07711],[106.75692,-6.0763],[106.75316,-6.07438],[106.75216,-6.0741]]]]}},{"type":"Feature","properties":{"id":"31.72.01.1003","name":"Kapuk Muara"},"geometry":{"type":"Polygon","coordinates":[[[106.76605,-6.09995],[106.76457,-6.09898],[106.76351,-6.1004],[106.76472,-6.09996],[106.76501,-6.1002],[106.76423,-6.1026],[106.76308,-6.10351],[106.76173,-6.10363],[106.76143,-6.10383],[106.76139,-6.10367],[106.76119,-6.10383],[106.76105,-6.10366],[106.76079,-6.10409],[106.76062,-6.10395],[106.76074,-6.10375],[106.76046,-6.10367],[106.76002,-6.10413],[106.75933,-6.10403],[106.75929,-6.10381],[106.75875,-6.10408],[106.75863,-6.10393],[106.7584,-6.10406],[106.75704,-6.10394],[106.75605,-6.1037],[106.7543,-6.10275],[106.75391,-6.10219],[106.75305,-6.10172],[106.75233,-6.10096],[106.7516,-6.10079],[106.75137,-6.10096],[106.75095,-6.10088],[106.751,-6.10647],[106.75218,-6.11664],[106.75347,-6.13133],[106.75337,-6.13267],[106.75272,-6.13505],[106.75621,-6.13657],[106.76831,-6.14068],[106.77279,-6.14147],[106.77467,-6.14133],[106.7756,-6.14178],[106.77584,-6.14076],[106.77585,-6.13904],[106.77645,-6.13778],[106.77609,-6.13515],[106.77631,-6.13473],[106.77713,-6.13453],[106.77734,-6.13415],[106.77677,-6.13283],[106.77512,-6.12681],[106.77463,-6.12411],[106.77408,-6.12269],[106.77316,-6.12131],[106.77332,-6.12039],[106.77442,-6.11916],[106.77451,-6.11809],[106.77376,-6.11681],[106.77305,-6.11629],[106.77173,-6.11575],[106.76999,-6.1155],[106.76948,-6.11505],[106.76944,-6.11445],[106.77015,-6.11306],[106.77023,-6.11232],[106.76864,-6.10957],[106.76763,-6.10869],[106.76735,-6.10818],[106.76733,-6.10772],[106.76778,-6.10644],[106.76783,-6.10549],[106.7668,-6.10093],[106.76605,-6.09995]]]}},{"type":"Feature","properties":{"id":"31.72.01.1004","name":"Pejagalan"},"geometry":{"type":"Polygon","coordinates":[[[106.78395,-6.12537],[106.77714,-6.12409],[106.77653,-6.12368],[106.77496,-6.12202],[106.77317,-6.12138],[106.77406,-6.12265],[106.77463,-6.12411],[106.77512,-6.12681],[106.77677,-6.13283],[106.77734,-6.13415],[106.77713,-6.13453],[106.77631,-6.13473],[106.77609,-6.13515],[106.77644,-6.13786],[106.77585,-6.13904],[106.77584,-6.14076],[106.77548,-6.14225],[106.77538,-6.14403],[106.77486,-6.14544],[106.7772,-6.14407],[106.78778,-6.14319],[106.78926,-6.14247],[106.79049,-6.14229],[106.79215,-6.1428],[106.80056,-6.14188],[106.80025,-6.13658],[106.79301,-6.13726],[106.7926,-6.13237],[106.7901,-6.1322],[106.78516,-6.13142],[106.78402,-6.1267],[106.78395,-6.12537]]]}},{"type":"Feature","properties":{"id":"31.72.01.1005","name":"Pluit"},"geometry":{"type":"MultiPolygon","coordinates":[[[[106.79701,-6.09472],[106.79664,-6.0942],[106.79609,-6.09398],[106.79559,-6.0941],[106.79523,-6.09452],[106.79558,-6.09505],[106.79616,-6.09483],[106.7965,-6.09509],[106.79644,-6.09655],[106.79619,-6.09717],[106.79435,-6.098],[106.79416,-6.10066],[106.79397,-6.10103],[106.79416,-6.10104],[106.79395,-6.10105],[106.79392,-6.10139],[106.79393,-6.10192],[106.79432,-6.10294],[106.79396,-6.10522],[106.79042,-6.10683],[106.79038,-6.1076],[106.7901,-6.10753],[106.79005,-6.10767],[106.79038,-6.10766],[106.79009,-6.1079],[106.79041,-6.10803],[106.78722,-6.10811],[106.78719,-6.10906],[106.78691,-6.10893],[106.7869,-6.10805],[106.78566,-6.10809],[106.78563,-6.10852],[106.78335,-6.10865],[106.78208,-6.10844],[106.7807,-6.10784],[106.78069,-6.10764],[106.78021,-6.10748],[106.78014,-6.10762],[106.77781,-6.10666],[106.77802,-6.1057],[106.77772,-6.10653],[106.77658,-6.10604],[106.77649,-6.10623],[106.77732,-6.10656],[106.7769,-6.1077],[106.77656,-6.10758],[106.77642,-6.10795],[106.77593,-6.10778],[106.7755,-6.10879],[106.7752,-6.10868],[106.77469,-6.10996],[106.77432,-6.11004],[106.77422,-6.1098],[106.77499,-6.10781],[106.77465,-6.10767],[106.77492,-6.10699],[106.77546,-6.10693],[106.77717,-6.1026],[106.77659,-6.10377],[106.77489,-6.10386],[106.7745,-6.10491],[106.77231,-6.10445],[106.77223,-6.10457],[106.7714,-6.1042],[106.77216,-6.10228],[106.77136,-6.10375],[106.77038,-6.10346],[106.76927,-6.10296],[106.76782,-6.10154],[106.76718,-6.10058],[106.76655,-6.10046],[106.7668,-6.10093],[106.76784,-6.10563],[106.76735,-6.10818],[106.76763,-6.10869],[106.76864,-6.10957],[106.77024,-6.11237],[106.77015,-6.11306],[106.76944,-6.11445],[106.76948,-6.11505],[106.76999,-6.1155],[106.77173,-6.11575],[106.77302,-6.11627],[106.77376,-6.11681],[106.77447,-6.11796],[106.77443,-6.11912],[106.77329,-6.12043],[106.77317,-6.12138],[106.77496,-6.12202],[106.77653,-6.12368],[106.77731,-6.12415],[106.79196,-6.12682],[106.7919,-6.12555],[106.79387,-6.12451],[106.79416,-6.12405],[106.79436,-6.1246],[106.79737,-6.12525],[106.80209,-6.12516],[106.8021,-6.12444],[106.8018,-6.12423],[106.80165,-6.12365],[106.80287,-6.12264],[106.80296,-6.121],[106.80268,-6.11714],[106.80229,-6.11501],[106.80189,-6.11413],[106.80094,-6.11339],[106.80059,-6.11274],[106.80016,-6.11239],[106.79914,-6.11218],[106.7973,-6.11226],[106.79741,-6.11072],[106.79688,-6.10943],[106.79684,-6.10883],[106.79614,-6.10881],[106.7958,-6.10541],[106.79625,-6.1046],[106.79624,-6.10405],[106.79671,-6.10392],[106.79642,-6.10371],[106.79676,-6.10205],[106.79652,-6.10142],[106.79662,-6.101],[106.79645,-6.10097],[106.79672,-6.1003],[106.79658,-6.10016],[106.79673,-6.10006],[106.7966,-6.09981],[106.79684,-6.09873],[106.79688,-6.09781],[106.79675,-6.0977],[106.79694,-6.0975],[106.79701,-6.09472]]],[[[106.79327,-6.10027],[106.79299,-6.10015],[106.79268,-6.1003],[106.79124,-6.1003],[106.79141,-6.10383],[106.7919,-6.10385],[106.7919,-6.10361],[106.79207,-6.10362],[106.79208,-6.10384],[106.79283,-6.10382],[106.79284,-6.10358],[106.79299,-6.10391],[106.79338,-6.10376],[106.79337,-6.10078],[106.79313,-6.10079],[106.79313,-6.10061],[106.79336,-6.1006],[106.79327,-6.10027]]],[[[106.79218,-6.09658],[106.79183,-6.09673],[106.79191,-6.09694],[106.79158,-6.09696],[106.79132,-6.09951],[106.79153,-6.09969],[106.79316,-6.09978],[106.79339,-6.09952],[106.79356,-6.09719],[106.79264,-6.09659],[106.79249,-6.09682],[106.79218,-6.09658]]],[[[106.79421,-6.09297],[106.7929,-6.09284],[106.79169,-6.09318],[106.79118,-6.09361],[106.79089,-6.09422],[106.79029,-6.10049],[106.78996,-6.10051],[106.7899,-6.10133],[106.78998,-6.1035],[106.79023,-6.1035],[106.79024,-6.10396],[106.79003,-6.10397],[106.79004,-6.10412],[106.79034,-6.1043],[106.7904,-6.10666],[106.79129,-6.10624],[106.7909,-6.10557],[106.79089,-6.10482],[106.79125,-6.10481],[106.7913,-6.10554],[106.79171,-6.10576],[106.79202,-6.1055],[106.79191,-6.10481],[106.79225,-6.1048],[106.79236,-6.10523],[106.79262,-6.10535],[106.79339,-6.10462],[106.79311,-6.1042],[106.79096,-6.10425],[106.79089,-6.10035],[106.7912,-6.09698],[106.79147,-6.0963],[106.79133,-6.09581],[106.79155,-6.0957],[106.79187,-6.09601],[106.79314,-6.09653],[106.79369,-6.09648],[106.79424,-6.0961],[106.79491,-6.09345],[106.79421,-6.09297]]],[[[106.78106,-6.09087],[106.77882,-6.09104],[106.77844,-6.09151],[106.77865,-6.0917],[106.77888,-6.09121],[106.77935,-6.09122],[106.77932,-6.09228],[106.77968,-6.09272],[106.77973,-6.09406],[106.78002,-6.09461],[106.77974,-6.09508],[106.78018,-6.09501],[106.78,-6.09425],[106.78099,-6.09473],[106.78126,-6.09681],[106.78105,-6.097],[106.78126,-6.09709],[106.7814,-6.09697],[106.78127,-6.09564],[106.7816,-6.09526],[106.78143,-6.09518],[106.78148,-6.09533],[106.78126,-6.0954],[106.78132,-6.09501],[106.78211,-6.09263],[106.78294,-6.09364],[106.78297,-6.09393],[106.78271,-6.0942],[106.78301,-6.09442],[106.78299,-6.09461],[106.78327,-6.09455],[106.78335,-6.09425],[106.78305,-6.09345],[106.78106,-6.09087]]]]}},{"type":"Feature","properties":{"id":"31.72.02.1001","name":"Tanjung Priok"},"geometry":{"type":"MultiPolygon","coordinates":[[[[106.87964,-6.0943],[106.87951,-6.09525],[106.87915,-6.09524],[106.87907,-6.09498],[106.87876,-6.10146],[106.87916,-6.10201],[106.88024,-6.10213],[106.88022,-6.10246],[106.87879,-6.10237],[106.87866,-6.10598],[106.87891,-6.10609],[106.87865,-6.10649],[106.87857,-6.10993],[106.87749,-6.11047],[106.87724,-6.11019],[106.87727,-6.11001],[106.87745,-6.11004],[106.87797,-6.1075],[106.87792,-6.1069],[106.87779,-6.10735],[106.87762,-6.1073],[106.87771,-6.10686],[106.87738,-6.10676],[106.87719,-6.10696],[106.87647,-6.11044],[106.87597,-6.11041],[106.87666,-6.10666],[106.87687,-6.10674],[106.87745,-6.10525],[106.87756,-6.10188],[106.87669,-6.10178],[106.87624,-6.10201],[106.87468,-6.10368],[106.87266,-6.11369],[106.87271,-6.11401],[106.8729,-6.11404],[106.8728,-6.1145],[106.87176,-6.11537],[106.87167,-6.11517],[106.87109,-6.115],[106.87055,-6.11534],[106.87024,-6.11477],[106.87097,-6.11435],[106.87172,-6.11152],[106.87158,-6.11148],[106.87166,-6.11121],[106.87145,-6.11114],[106.87157,-6.11074],[106.87179,-6.11079],[106.87186,-6.11054],[106.87139,-6.11042],[106.86994,-6.1112],[106.86985,-6.11108],[106.86647,-6.11313],[106.86542,-6.11356],[106.86531,-6.11411],[106.86505,-6.11413],[106.86535,-6.11966],[106.86602,-6.11979],[106.86637,-6.1202],[106.86551,-6.12092],[106.86383,-6.12169],[106.86388,-6.12256],[106.8652,-6.12294],[106.86559,-6.1226],[106.86751,-6.12227],[106.86884,-6.12145],[106.87172,-6.12081],[106.88052,-6.11415],[106.88414,-6.11119],[106.88498,-6.11104],[106.89313,-6.11141],[106.89318,-6.10751],[106.89153,-6.10743],[106.89152,-6.10674],[106.89071,-6.10678],[106.89101,-6.09731],[106.8883,-6.09721],[106.88796,-6.10657],[106.88669,-6.10655],[106.88701,-6.09741],[106.88612,-6.09634],[106.88646,-6.09636],[106.88646,-6.09611],[106.8842,-6.09603],[106.88378,-6.10643],[106.88228,-6.10638],[106.88269,-6.09481],[106.88214,-6.09479],[106.88212,-6.09504],[106.88227,-6.09508],[106.88201,-6.09609],[106.88175,-6.09604],[106.88178,-6.09539],[106.88114,-6.09535],[106.88109,-6.09676],[106.88077,-6.097],[106.88044,-6.09699],[106.88034,-6.09674],[106.88032,-6.09546],[106.88027,-6.09673],[106.88011,-6.09672],[106.8801,-6.09693],[106.88024,-6.09695],[106.88023,-6.09774],[106.88008,-6.09773],[106.88003,-6.09841],[106.87962,-6.09856],[106.87949,-6.0985],[106.87964,-6.0943]]],[[[106.87768,-6.09486],[106.87715,-6.09468],[106.87725,-6.09377],[106.87659,-6.09759],[106.87625,-6.09754],[106.87628,-6.09736],[106.87458,-6.09723],[106.87387,-6.10068],[106.87425,-6.09942],[106.87473,-6.09909],[106.87507,-6.09833],[106.87579,-6.09797],[106.87649,-6.09804],[106.87605,-6.10042],[106.87643,-6.10028],[106.87658,-6.09943],[106.8771,-6.09939],[106.87697,-6.10036],[106.87778,-6.09984],[106.87804,-6.0991],[106.87818,-6.09911],[106.87835,-6.09505],[106.87827,-6.09487],[106.87809,-6.09493],[106.8781,-6.09472],[106.87773,-6.09465],[106.87768,-6.09486]]]]}},{"type":"Feature","properties":{"id":"31.72.02.1002","name":"Sunter Jaya"},"geometry":{"type":"Polygon","coordinates":[[[106.87722,-6.16353],[106.88147,-6.1625],[106.88176,-6.16207],[106.88853,-6.15076],[106.8897,-6.1479],[106.89092,-6.14247],[106.87915,-6.13887],[106.87708,-6.1423],[106.87758,-6.14541],[106.8583,-6.14896],[106.86049,-6.15],[106.86103,-6.15054],[106.8612,-6.15112],[106.86113,-6.15182],[106.86085,-6.15286],[106.86034,-6.15379],[106.87189,-6.16034],[106.87684,-6.16348],[106.87722,-6.16353]]]}},{"type":"Feature","properties":{"id":"31.72.02.1003","name":"Papanggo"},"geometry":{"type":"Polygon","coordinates":[[[106.8652,-6.12294],[106.86388,-6.12256],[106.86379,-6.12176],[106.86587,-6.12064],[106.86636,-6.12027],[106.86619,-6.11994],[106.86472,-6.12086],[106.85772,-6.12404],[106.85835,-6.1261],[106.8592,-6.12788],[106.85999,-6.12901],[106.86211,-6.13109],[106.86501,-6.13342],[106.86812,-6.13252],[106.87149,-6.13123],[106.87217,-6.13461],[106.8722,-6.13724],[106.87406,-6.13722],[106.87909,-6.13874],[106.88026,-6.1367],[106.88398,-6.12713],[106.8838,-6.1265],[106.87988,-6.12654],[106.87573,-6.12603],[106.87327,-6.12608],[106.87156,-6.12089],[106.86884,-6.12145],[106.86751,-6.12227],[106.86559,-6.1226],[106.8652,-6.12294]]]}},{"type":"Feature","properties":{"id":"31.72.02.1004","name":"Sungai Bambu"},"geometry":{"type":"Polygon","coordinates":[[[106.88424,-6.12574],[106.88462,-6.11941],[106.88465,-6.11111],[106.88398,-6.1113],[106.87979,-6.11464],[106.88398,-6.12713],[106.88026,-6.1367],[106.87904,-6.13883],[106.89087,-6.14246],[106.89243,-6.13578],[106.89236,-6.13365],[106.89367,-6.13001],[106.89367,-6.12782],[106.89119,-6.12792],[106.89115,-6.12754],[106.88393,-6.12617],[106.88396,-6.12571],[106.88424,-6.12574]]]}},{"type":"Feature","properties":{"id":"31.72.02.1005","name":"Kebon Bawang"},"geometry":{"type":"Polygon","coordinates":[[[106.89321,-6.11144],[106.88467,-6.11108],[106.88463,-6.11127],[106.88449,-6.12237],[106.88424,-6.12574],[106.88396,-6.12571],[106.88393,-6.12617],[106.89115,-6.12754],[106.89119,-6.12792],[106.89372,-6.12782],[106.89313,-6.11438],[106.89321,-6.11144]]]}},{"type":"Feature","properties":{"id":"31.72.02.1006","name":"Sunter Agung"},"geometry":{"type":"Polygon","coordinates":[[[106.86497,-6.13337],[106.86211,-6.13109],[106.8598,-6.12878],[106.85835,-6.1261],[106.8576,-6.12374],[106.85207,-6.12617],[106.84766,-6.12715],[106.84791,-6.12897],[106.84854,-6.13031],[106.84947,-6.13125],[106.84987,-6.13278],[106.84992,-6.13399],[106.8515,-6.13544],[106.85226,-6.13652],[106.85248,-6.13941],[106.85592,-6.14937],[106.85598,-6.15059],[106.85767,-6.15042],[106.85803,-6.15021],[106.86013,-6.14984],[106.85861,-6.14919],[106.8583,-6.14896],[106.85846,-6.14883],[106.87758,-6.14541],[106.87708,-6.1423],[106.87915,-6.13887],[106.87406,-6.13722],[106.8722,-6.13724],[106.87217,-6.13461],[106.87149,-6.13123],[106.86812,-6.13252],[106.86497,-6.13337]]]}},{"type":"Feature","properties":{"id":"31.72.02.1007","name":"Warakas"},"geometry":{"type":"Polygon","coordinates":[[[106.8838,-6.1265],[106.87979,-6.11464],[106.87156,-6.12089],[106.87327,-6.12608],[106.87573,-6.12603],[106.87988,-6.12654],[106.8838,-6.1265]]]}},{"type":"Feature","properties":{"id":"31.72.03.1001","name":"Koja"},"geometry":{"type":"Polygon","coordinates":[[[106.90525,-6.10709],[106.9055,-6.09851],[106.90511,-6.0985],[106.90515,-6.09786],[106.89273,-6.09737],[106.89241,-6.10687],[106.89208,-6.10686],[106.89209,-6.10657],[106.89165,-6.10656],[106.89153,-6.10743],[106.89318,-6.10751],[106.89313,-6.11404],[106.89601,-6.11402],[106.89687,-6.11428],[106.90318,-6.1144],[106.90308,-6.11196],[106.90656,-6.11192],[106.90671,-6.1116],[106.90676,-6.10847],[106.90649,-6.10841],[106.90638,-6.10778],[106.9058,-6.10774],[106.90525,-6.10709]]]}},{"type":"Feature","properties":{"id":"31.72.03.1002","name":"Tugu Utara"},"geometry":{"type":"Polygon","coordinates":[[[106.91695,-6.11866],[106.91021,-6.11828],[106.91017,-6.11917],[106.90333,-6.11883],[106.90372,-6.12993],[106.90485,-6.12991],[106.9068,-6.12939],[106.9089,-6.12923],[106.91083,-6.13003],[106.91256,-6.13127],[106.91394,-6.13137],[106.91638,-6.13018],[106.9178,-6.12898],[106.91838,-6.12928],[106.91863,-6.12822],[106.91928,-6.12779],[106.91988,-6.12672],[106.92136,-6.12658],[106.92219,-6.12599],[106.92156,-6.12524],[106.92065,-6.11907],[106.91888,-6.11963],[106.91695,-6.11954],[106.91695,-6.11866]]]}},{"type":"Feature","properties":{"id":"31.72.03.1003","name":"Lagoa"},"geometry":{"type":"Polygon","coordinates":[[[106.91695,-6.11866],[106.9174,-6.10824],[106.91057,-6.10877],[106.90677,-6.10869],[106.90671,-6.1116],[106.90656,-6.11192],[106.90308,-6.11196],[106.90333,-6.11883],[106.91017,-6.11917],[106.91021,-6.11828],[106.91695,-6.11866]]]}},{"type":"Feature","properties":{"id":"31.72.03.1004","name":"Rawa Badak Utara"},"geometry":{"type":"Polygon","coordinates":[[[106.89644,-6.11409],[106.89313,-6.11404],[106.89372,-6.12782],[106.89354,-6.1306],[106.89418,-6.13075],[106.89591,-6.12349],[106.90348,-6.12353],[106.90318,-6.1144],[106.89691,-6.11428],[106.89644,-6.11409]]]}},{"type":"Feature","properties":{"id":"31.72.03.1005","name":"Tugu Selatan"},"geometry":{"type":"Polygon","coordinates":[[[106.91872,-6.13139],[106.91848,-6.13105],[106.91838,-6.12928],[106.9178,-6.12898],[106.91638,-6.13018],[106.91371,-6.13139],[106.91245,-6.13123],[106.91083,-6.13003],[106.9089,-6.12923],[106.9068,-6.12939],[106.90485,-6.12991],[106.90364,-6.12993],[106.9039,-6.13501],[106.90404,-6.13641],[106.9043,-6.13709],[106.90406,-6.13741],[106.90476,-6.13783],[106.90452,-6.13821],[106.90484,-6.13843],[106.90483,-6.13928],[106.90457,-6.13927],[106.90437,-6.13984],[106.90501,-6.14172],[106.90603,-6.14335],[106.90632,-6.14361],[106.90784,-6.14297],[106.90861,-6.14289],[106.90928,-6.14241],[106.91104,-6.14195],[106.91205,-6.14132],[106.9124,-6.14057],[106.91291,-6.14018],[106.91313,-6.13953],[106.91348,-6.13932],[106.91384,-6.1383],[106.91435,-6.13795],[106.91445,-6.13737],[106.91523,-6.13762],[106.91639,-6.13734],[106.91693,-6.13767],[106.91718,-6.13731],[106.91726,-6.13645],[106.91787,-6.13573],[106.91801,-6.13515],[106.91897,-6.13389],[106.91929,-6.13308],[106.91952,-6.1321],[106.91919,-6.13158],[106.91872,-6.13139]]]}},{"type":"Feature","properties":{"id":"31.72.03.1006","name":"Rawa Badak Selatan"},"geometry":{"type":"Polygon","coordinates":[[[106.90348,-6.12353],[106.89591,-6.12349],[106.89418,-6.13075],[106.89354,-6.1306],[106.89246,-6.13329],[106.89232,-6.13406],[106.89247,-6.13553],[106.89196,-6.13786],[106.89245,-6.138],[106.89271,-6.1369],[106.90437,-6.13984],[106.90457,-6.13927],[106.90483,-6.13928],[106.90484,-6.13843],[106.90452,-6.13821],[106.90476,-6.13783],[106.90406,-6.13741],[106.9043,-6.13709],[106.90404,-6.13641],[106.9039,-6.13501],[106.90348,-6.12353]]]}},{"type":"Feature","properties":{"id":"31.72.04.1001","name":"Cilincing"},"geometry":{"type":"Polygon","coordinates":[[[106.95515,-6.09501],[106.95478,-6.08957],[106.95396,-6.08966],[106.95395,-6.0898],[106.95033,-6.09009],[106.95074,-6.09546],[106.94861,-6.09551],[106.94806,-6.09059],[106.94788,-6.09051],[106.94781,-6.09128],[106.94746,-6.09157],[106.9476,-6.09225],[106.94712,-6.09252],[106.94751,-6.09277],[106.94757,-6.09321],[106.94709,-6.09364],[106.94638,-6.09389],[106.9471,-6.0941],[106.9473,-6.09437],[106.94726,-6.09479],[106.94704,-6.09501],[106.94671,-6.09497],[106.94647,-6.09469],[106.94632,-6.09484],[106.94641,-6.09655],[106.94662,-6.09666],[106.94875,-6.09642],[106.94992,-6.09658],[106.94873,-6.09657],[106.94734,-6.09682],[106.94612,-6.09752],[106.94495,-6.09777],[106.94464,-6.09713],[106.94472,-6.09775],[106.94439,-6.09789],[106.94113,-6.09823],[106.94051,-6.09806],[106.94028,-6.09743],[106.93959,-6.09773],[106.93948,-6.09631],[106.93932,-6.09613],[106.9367,-6.09613],[106.93761,-6.09909],[106.93633,-6.09981],[106.92661,-6.10362],[106.92661,-6.10552],[106.92683,-6.10693],[106.92883,-6.10637],[106.93246,-6.10494],[106.9331,-6.10595],[106.93479,-6.10954],[106.93555,-6.1116],[106.93633,-6.11153],[106.93622,-6.11257],[106.9368,-6.11336],[106.93773,-6.11658],[106.93944,-6.1161],[106.94079,-6.11597],[106.9408,-6.12308],[106.94009,-6.12317],[106.93985,-6.12229],[106.93882,-6.12234],[106.93914,-6.12321],[106.93997,-6.12403],[106.94147,-6.124],[106.94156,-6.13102],[106.94453,-6.13099],[106.94453,-6.13253],[106.94375,-6.13253],[106.94381,-6.13317],[106.94248,-6.1332],[106.94268,-6.13521],[106.94824,-6.13354],[106.95196,-6.13124],[106.95289,-6.13103],[106.9532,-6.12517],[106.95286,-6.12104],[106.95318,-6.11995],[106.95246,-6.11985],[106.95244,-6.11919],[106.95185,-6.11904],[106.95179,-6.1188],[106.94964,-6.11829],[106.94955,-6.1181],[106.94851,-6.11803],[106.94817,-6.11767],[106.94743,-6.1176],[106.94733,-6.1172],[106.94662,-6.11712],[106.94654,-6.11681],[106.94588,-6.11681],[106.94581,-6.11717],[106.9455,-6.11694],[106.94517,-6.11697],[106.94482,-6.11648],[106.94482,-6.11559],[106.94534,-6.11441],[106.9457,-6.11416],[106.94647,-6.11452],[106.94791,-6.1146],[106.94853,-6.11446],[106.94878,-6.11473],[106.94965,-6.11423],[106.94967,-6.11403],[106.94824,-6.11293],[106.94791,-6.11016],[106.95255,-6.11009],[106.95799,-6.10862],[106.95721,-6.10596],[106.95671,-6.10563],[106.95549,-6.10602],[106.95487,-6.10582],[106.95351,-6.10279],[106.9537,-6.10201],[106.95508,-6.1004],[106.95705,-6.09739],[106.95663,-6.0973],[106.95692,-6.09681],[106.95705,-6.09406],[106.95689,-6.09418],[106.95682,-6.09579],[106.95651,-6.09577],[106.95648,-6.09495],[106.95515,-6.09501]]]}},{"type":"Feature","properties":{"id":"31.72.04.1002","name":"Sukapura"},"geometry":{"type":"Polygon","coordinates":[[[106.92307,-6.13669],[106.91719,-6.13707],[106.91685,-6.13789],[106.91685,-6.13911],[106.91622,-6.14143],[106.91622,-6.14221],[106.91546,-6.14484],[106.91581,-6.14584],[106.91723,-6.1477],[106.91774,-6.1496],[106.91743,-6.15089],[106.91755,-6.15164],[106.91868,-6.15321],[106.92016,-6.15712],[106.92146,-6.15872],[106.92132,-6.15974],[106.92195,-6.16078],[106.92197,-6.16123],[106.92424,-6.16121],[106.92861,-6.16039],[106.92845,-6.16013],[106.92976,-6.15962],[106.93122,-6.15945],[106.93115,-6.15928],[106.93212,-6.15911],[106.93313,-6.1591],[106.93309,-6.15847],[106.93338,-6.15835],[106.93488,-6.15836],[106.93569,-6.15856],[106.93894,-6.15241],[106.94016,-6.15137],[106.93967,-6.14356],[106.93907,-6.14144],[106.93838,-6.13999],[106.93612,-6.13682],[106.93265,-6.13769],[106.93112,-6.13788],[106.92679,-6.13777],[106.92671,-6.13753],[106.92544,-6.13726],[106.92311,-6.13721],[106.92307,-6.13669]]]}},{"type":"Feature","properties":{"id":"31.72.04.1003","name":"Marunda"},"geometry":{"type":"Polygon","coordinates":[[[106.96805,-6.09111],[106.96783,-6.09056],[106.96794,-6.08875],[106.96774,-6.09043],[106.96793,-6.09119],[106.96755,-6.09154],[106.96634,-6.0919],[106.96667,-6.09192],[106.96784,-6.09145],[106.96789,-6.09205],[106.96706,-6.09313],[106.96651,-6.09346],[106.96568,-6.09377],[106.96486,-6.09373],[106.96474,-6.09338],[106.96437,-6.09343],[106.96408,-6.09321],[106.96416,-6.09294],[106.96389,-6.09284],[106.96365,-6.0923],[106.96267,-6.09266],[106.96169,-6.09265],[106.95925,-6.09376],[106.95869,-6.09325],[106.95858,-6.09335],[106.95888,-6.09373],[106.95856,-6.09357],[106.95878,-6.09381],[106.95871,-6.09622],[106.95772,-6.09694],[106.95754,-6.0975],[106.95705,-6.09739],[106.95508,-6.1004],[106.9537,-6.10201],[106.95351,-6.10272],[106.95487,-6.10582],[106.95549,-6.10602],[106.95671,-6.10563],[106.95727,-6.10603],[106.95799,-6.10862],[106.95255,-6.11009],[106.94791,-6.11016],[106.94824,-6.11293],[106.94967,-6.11403],[106.94965,-6.11423],[106.94878,-6.11473],[106.94853,-6.11446],[106.94791,-6.1146],[106.94647,-6.11452],[106.9457,-6.11416],[106.94534,-6.11441],[106.94494,-6.11507],[106.94482,-6.11645],[106.94517,-6.11697],[106.9455,-6.11694],[106.94581,-6.11717],[106.94588,-6.11681],[106.94654,-6.11681],[106.94662,-6.11712],[106.94733,-6.1172],[106.94743,-6.1176],[106.94817,-6.11767],[106.94851,-6.11803],[106.94955,-6.1181],[106.94964,-6.11829],[106.95179,-6.1188],[106.95185,-6.11904],[106.95244,-6.11919],[106.95246,-6.11985],[106.95318,-6.11995],[106.95286,-6.12104],[106.9532,-6.12428],[106.95291,-6.13096],[106.95273,-6.13115],[106.95195,-6.13124],[106.95254,-6.13167],[106.95425,-6.13184],[106.95424,-6.13067],[106.95453,-6.13066],[106.957,-6.13106],[106.957,-6.1315],[106.95544,-6.13125],[106.95538,-6.13184],[106.95726,-6.13186],[106.95751,-6.1322],[106.95855,-6.13244],[106.96049,-6.13258],[106.96057,-6.13219],[106.96193,-6.13239],[106.96199,-6.1321],[106.96415,-6.13219],[106.9643,-6.13136],[106.96465,-6.13138],[106.96462,-6.131],[106.96582,-6.13095],[106.96579,-6.13071],[106.9681,-6.1304],[106.96811,-6.13006],[106.96901,-6.12995],[106.96908,-6.12892],[106.9702,-6.12866],[106.97031,-6.12742],[106.9705,-6.12741],[106.97051,-6.12635],[106.97059,-6.12602],[106.97083,-6.1259],[106.97069,-6.12503],[106.97105,-6.12495],[106.97109,-6.12475],[106.97054,-6.12387],[106.97036,-6.12306],[106.97053,-6.12305],[106.97072,-6.12119],[106.97055,-6.12068],[106.97076,-6.1206],[106.97069,-6.12018],[106.97086,-6.12016],[106.97014,-6.11736],[106.97021,-6.11666],[106.96999,-6.11671],[106.96998,-6.116],[106.97018,-6.11598],[106.96987,-6.11433],[106.9701,-6.11426],[106.97032,-6.11355],[106.96999,-6.11174],[106.97035,-6.11168],[106.97044,-6.11149],[106.97024,-6.11063],[106.97045,-6.11016],[106.97008,-6.10851],[106.97032,-6.10753],[106.97021,-6.10608],[106.97002,-6.10583],[106.97007,-6.10516],[106.9699,-6.1049],[106.96996,-6.10173],[106.9701,-6.10174],[106.97035,-6.10099],[106.97017,-6.10095],[106.9704,-6.10014],[106.97009,-6.09944],[106.9702,-6.09777],[106.97049,-6.0965],[106.97099,-6.09626],[106.97073,-6.09482],[106.97019,-6.09365],[106.97033,-6.09364],[106.97032,-6.09275],[106.97005,-6.09077],[106.96989,-6.09115],[106.96805,-6.09111]]]}},{"type":"Feature","properties":{"id":"31.72.04.1004","name":"Kalibaru"},"geometry":{"type":"MultiPolygon","coordinates":[[[[106.93683,-6.09955],[106.93761,-6.09909],[106.9367,-6.09613],[106.93418,-6.09624],[106.92675,-6.09756],[106.92638,-6.09772],[106.92615,-6.09837],[106.92609,-6.09921],[106.92634,-6.09947],[106.92605,-6.09956],[106.92583,-6.09931],[106.92548,-6.0993],[106.92572,-6.09868],[106.92558,-6.09859],[106.92475,-6.09939],[106.9238,-6.09983],[106.92224,-6.10027],[106.9207,-6.10032],[106.92017,-6.10061],[106.91978,-6.10142],[106.91968,-6.10278],[106.91986,-6.10342],[106.92049,-6.10362],[106.92051,-6.10347],[106.92127,-6.1035],[106.92133,-6.10386],[106.91926,-6.10426],[106.91906,-6.1039],[106.9192,-6.10144],[106.91913,-6.10105],[106.91883,-6.10077],[106.91886,-6.09912],[106.91498,-6.09892],[106.91456,-6.09945],[106.91444,-6.09938],[106.91436,-6.10006],[106.91422,-6.10005],[106.91402,-6.10002],[106.91409,-6.09866],[106.91127,-6.09855],[106.91122,-6.09896],[106.90946,-6.09891],[106.90797,-6.09996],[106.90795,-6.10171],[106.90902,-6.10173],[106.90903,-6.10147],[106.91039,-6.10167],[106.91044,-6.10348],[106.90933,-6.10345],[106.90933,-6.10383],[106.9078,-6.10381],[106.90764,-6.10428],[106.90736,-6.10427],[106.9073,-6.10409],[106.90735,-6.1062],[106.90698,-6.10848],[106.90676,-6.10847],[106.90677,-6.10869],[106.91042,-6.10877],[106.91744,-6.10823],[106.92059,-6.10828],[106.92228,-6.10812],[106.92391,-6.10755],[106.92683,-6.10693],[106.92661,-6.10552],[106.92661,-6.10362],[106.93683,-6.09955]]],[[[106.92339,-6.08929],[106.92337,-6.08217],[106.89903,-6.08231],[106.89906,-6.08988],[106.89959,-6.08998],[106.89983,-6.09024],[106.90582,-6.09032],[106.90764,-6.09015],[106.91303,-6.09036],[106.91348,-6.09021],[106.91815,-6.09023],[106.91871,-6.09008],[106.91944,-6.08954],[106.92082,-6.08965],[106.92339,-6.08929]]]]}},{"type":"Feature","properties":{"id":"31.72.04.1005","name":"Semper Timur"},"geometry":{"type":"Polygon","coordinates":[[[106.93508,-6.11016],[106.93246,-6.10494],[106.92794,-6.10667],[106.92391,-6.10755],[106.92228,-6.10812],[106.92304,-6.10943],[106.92597,-6.1202],[106.92737,-6.12416],[106.93627,-6.13679],[106.93659,-6.13681],[106.94042,-6.13594],[106.94268,-6.13521],[106.94248,-6.1332],[106.94381,-6.13317],[106.94375,-6.13253],[106.94453,-6.13253],[106.94453,-6.13099],[106.94156,-6.13102],[106.94147,-6.124],[106.93997,-6.12403],[106.93914,-6.12321],[106.93882,-6.12234],[106.93985,-6.12229],[106.94009,-6.12317],[106.9408,-6.12308],[106.94079,-6.11597],[106.93944,-6.1161],[106.93773,-6.11658],[106.9368,-6.11336],[106.93622,-6.11257],[106.93633,-6.11153],[106.93555,-6.1116],[106.93508,-6.11016]]]}},{"type":"Feature","properties":{"id":"31.72.04.1006","name":"Rorotan"},"geometry":{"type":"Polygon","coordinates":[[[106.9702,-6.12866],[106.96908,-6.12892],[106.96901,-6.12995],[106.96811,-6.13006],[106.9681,-6.1304],[106.96579,-6.13071],[106.96582,-6.13095],[106.96462,-6.131],[106.96465,-6.13138],[106.9643,-6.13136],[106.96415,-6.13219],[106.96199,-6.1321],[106.96193,-6.13239],[106.96057,-6.13219],[106.96049,-6.13258],[106.95855,-6.13244],[106.95751,-6.1322],[106.95726,-6.13186],[106.95538,-6.13184],[106.95544,-6.13125],[106.957,-6.1315],[106.957,-6.13106],[106.95424,-6.13067],[106.95425,-6.13184],[106.95254,-6.13167],[106.95195,-6.13124],[106.94817,-6.13357],[106.94064,-6.13574],[106.94042,-6.13594],[106.93612,-6.13682],[106.93838,-6.13999],[106.93907,-6.14144],[106.93961,-6.1432],[106.94038,-6.15523],[106.94433,-6.15502],[106.94448,-6.15759],[106.94467,-6.15756],[106.94471,-6.15823],[106.94438,-6.16294],[106.95169,-6.16335],[106.95175,-6.16268],[106.95195,-6.16269],[106.95204,-6.16162],[106.9527,-6.16188],[106.95303,-6.16064],[106.95315,-6.16067],[106.95324,-6.16031],[106.9526,-6.16007],[106.95311,-6.15839],[106.95427,-6.15766],[106.95474,-6.15767],[106.95716,-6.15845],[106.95799,-6.1589],[106.9586,-6.15957],[106.95863,-6.15888],[106.95946,-6.15888],[106.95992,-6.15877],[106.95993,-6.1585],[106.961,-6.15833],[106.96087,-6.15721],[106.96101,-6.15578],[106.96323,-6.15634],[106.96769,-6.15515],[106.96793,-6.15583],[106.96913,-6.1556],[106.96919,-6.15732],[106.97085,-6.15732],[106.97066,-6.15426],[106.97152,-6.15425],[106.97153,-6.1533],[106.97132,-6.15273],[106.97157,-6.15215],[106.9722,-6.15148],[106.97216,-6.15066],[106.97188,-6.15047],[106.9719,-6.15004],[106.97069,-6.15051],[106.97082,-6.14949],[106.9713,-6.14885],[106.97133,-6.14778],[106.97101,-6.14774],[106.97097,-6.14654],[106.97139,-6.14643],[106.97126,-6.14601],[106.97178,-6.14588],[106.97258,-6.14618],[106.97182,-6.14463],[106.97168,-6.14296],[106.97026,-6.1402],[106.97074,-6.14007],[106.97063,-6.13716],[106.97039,-6.13714],[106.96959,-6.13271],[106.96995,-6.1326],[106.96988,-6.13232],[106.97032,-6.13217],[106.97004,-6.12957],[106.97006,-6.12922],[106.97035,-6.12923],[106.9702,-6.12866]]]}},{"type":"Feature","properties":{"id":"31.72.04.1007","name":"Semper Barat"},"geometry":{"type":"Polygon","coordinates":[[[106.92245,-6.10823],[106.92204,-6.10805],[106.92059,-6.10828],[106.9174,-6.10824],[106.91692,-6.11948],[106.91888,-6.11963],[106.92065,-6.11907],[106.92156,-6.12524],[106.92219,-6.12599],[106.92136,-6.12658],[106.92044,-6.12678],[106.91993,-6.12669],[106.91928,-6.12779],[106.91863,-6.12822],[106.91836,-6.12957],[106.9185,-6.13114],[106.91919,-6.13158],[106.91952,-6.13226],[106.91905,-6.13374],[106.91726,-6.13645],[106.91719,-6.13707],[106.92305,-6.13666],[106.92311,-6.13721],[106.92544,-6.13726],[106.92671,-6.13753],[106.92679,-6.13777],[106.93139,-6.13788],[106.93627,-6.13679],[106.92737,-6.12416],[106.92597,-6.1202],[106.92304,-6.10943],[106.92245,-6.10823]]]}},{"type":"Feature","properties":{"id":"31.72.05.1001","name":"Pademangan Timur"},"geometry":{"type":"Polygon","coordinates":[[[106.85592,-6.14937],[106.85243,-6.13916],[106.85226,-6.13652],[106.8515,-6.13544],[106.84992,-6.13399],[106.84987,-6.13278],[106.84947,-6.13125],[106.84854,-6.13031],[106.84791,-6.12897],[106.84766,-6.12715],[106.84461,-6.1277],[106.84465,-6.12801],[106.84419,-6.1284],[106.84428,-6.12859],[106.84309,-6.13002],[106.83841,-6.14178],[106.84396,-6.14492],[106.84531,-6.14233],[106.84834,-6.14174],[106.85041,-6.15276],[106.85658,-6.15181],[106.86034,-6.15379],[106.86085,-6.15286],[106.86115,-6.15173],[106.86119,-6.15103],[106.86099,-6.15046],[106.86013,-6.14984],[106.85803,-6.15021],[106.85767,-6.15042],[106.85598,-6.15059],[106.85592,-6.14937]]]}},{"type":"Feature","properties":{"id":"31.72.05.1002","name":"Pademangan Barat"},"geometry":{"type":"Polygon","coordinates":[[[106.83717,-6.14604],[106.83731,-6.14454],[106.84304,-6.13012],[106.84428,-6.12859],[106.84419,-6.1284],[106.84465,-6.12801],[106.84461,-6.1277],[106.83058,-6.1303],[106.83308,-6.14156],[106.83438,-6.14207],[106.83566,-6.14305],[106.83655,-6.1443],[106.83717,-6.14604]]]}},{"type":"Feature","properties":{"id":"31.72.05.1003","name":"Ancol"},"geometry":{"type":"Polygon","coordinates":[[[106.87208,-6.10856],[106.87296,-6.10436],[106.87141,-6.10541],[106.87047,-6.10662],[106.86782,-6.10863],[106.8676,-6.10911],[106.8659,-6.11003],[106.86389,-6.11152],[106.86351,-6.11218],[106.8636,-6.11262],[106.86337,-6.11406],[106.86353,-6.1153],[106.86333,-6.11533],[106.86315,-6.11409],[106.86271,-6.11415],[106.86257,-6.11326],[106.86265,-6.11441],[106.86137,-6.11466],[106.8606,-6.10834],[106.86234,-6.10597],[106.86058,-6.10832],[106.8608,-6.11021],[106.85978,-6.1106],[106.85842,-6.11083],[106.85794,-6.11076],[106.85746,-6.11008],[106.85646,-6.11028],[106.85599,-6.11047],[106.85546,-6.11135],[106.85456,-6.11193],[106.85416,-6.11251],[106.85437,-6.1127],[106.85444,-6.11336],[106.85517,-6.11391],[106.85525,-6.11482],[106.85436,-6.11519],[106.8535,-6.11585],[106.8519,-6.11648],[106.84884,-6.11707],[106.8483,-6.11684],[106.84759,-6.11679],[106.8473,-6.11682],[106.84668,-6.11703],[106.84645,-6.11716],[106.846,-6.11753],[106.84313,-6.11847],[106.84601,-6.11754],[106.84731,-6.11685],[106.84829,-6.11687],[106.84954,-6.11745],[106.85192,-6.11672],[106.85331,-6.1166],[106.85465,-6.11538],[106.85578,-6.1149],[106.85747,-6.11378],[106.85827,-6.11394],[106.85868,-6.11452],[106.85843,-6.11527],[106.85784,-6.11591],[106.85624,-6.11691],[106.85598,-6.1168],[106.85497,-6.1172],[106.85393,-6.1184],[106.85365,-6.11836],[106.85352,-6.11802],[106.85334,-6.11848],[106.85209,-6.11887],[106.85174,-6.11863],[106.85128,-6.11878],[106.85101,-6.11921],[106.84959,-6.1196],[106.84876,-6.11926],[106.84875,-6.11999],[106.84843,-6.12024],[106.8474,-6.12049],[106.847,-6.1203],[106.84669,-6.11925],[106.84648,-6.11923],[106.84631,-6.11934],[106.84653,-6.12013],[106.84383,-6.12108],[106.84314,-6.12295],[106.8434,-6.12335],[106.8432,-6.1236],[106.84265,-6.1237],[106.84192,-6.12351],[106.84054,-6.12387],[106.83977,-6.12359],[106.83954,-6.12331],[106.8393,-6.12257],[106.83961,-6.1226],[106.83968,-6.12224],[106.84026,-6.12221],[106.84183,-6.12274],[106.84255,-6.12254],[106.84301,-6.122],[106.84306,-6.12151],[106.84266,-6.12104],[106.84123,-6.12093],[106.84089,-6.12083],[106.84079,-6.12057],[106.84074,-6.12087],[106.8388,-6.12086],[106.83865,-6.12111],[106.83843,-6.1211],[106.83844,-6.12088],[106.83832,-6.12108],[106.8372,-6.12108],[106.83624,-6.1208],[106.83617,-6.12108],[106.83576,-6.12108],[106.83571,-6.12143],[106.83492,-6.1217],[106.83416,-6.12129],[106.83413,-6.12082],[106.8329,-6.12078],[106.83061,-6.1211],[106.83018,-6.12098],[106.82992,-6.12019],[106.82936,-6.12014],[106.82921,-6.119],[106.82936,-6.1188],[106.82906,-6.11847],[106.8289,-6.11661],[106.83661,-6.11763],[106.83716,-6.11842],[106.83717,-6.11907],[106.83562,-6.12048],[106.83718,-6.11908],[106.83717,-6.11841],[106.83662,-6.11761],[106.829,-6.11653],[106.82884,-6.11658],[106.82893,-6.11715],[106.82814,-6.11715],[106.82758,-6.11637],[106.81721,-6.11487],[106.81647,-6.1199],[106.81458,-6.11947],[106.81384,-6.12075],[106.81308,-6.12066],[106.81296,-6.11989],[106.8124,-6.11997],[106.81227,-6.11924],[106.81203,-6.11928],[106.81253,-6.12255],[106.81183,-6.12267],[106.81143,-6.12048],[106.80956,-6.1202],[106.80904,-6.11694],[106.80805,-6.11607],[106.80765,-6.11608],[106.80882,-6.12233],[106.80876,-6.12367],[106.80922,-6.12449],[106.80936,-6.12587],[106.8097,-6.12698],[106.80944,-6.12787],[106.81048,-6.13084],[106.81358,-6.13006],[106.81505,-6.13024],[106.81665,-6.13603],[106.81678,-6.13712],[106.81989,-6.13632],[106.8206,-6.13642],[106.82132,-6.13686],[106.82775,-6.13588],[106.8307,-6.13514],[106.83066,-6.13861],[106.8308,-6.13963],[106.83164,-6.14086],[106.83308,-6.14157],[106.83058,-6.1303],[106.85127,-6.12643],[106.8576,-6.12374],[106.85772,-6.12404],[106.86517,-6.12063],[106.86619,-6.11994],[106.86535,-6.11966],[106.86505,-6.11413],[106.86531,-6.11411],[106.86538,-6.11367],[106.86464,-6.11371],[106.86493,-6.11239],[106.87208,-6.10856]]]}},{"type":"Feature","properties":{"id":"31.72.06.1001","name":"Kelapa Gading Timur"},"geometry":{"type":"Polygon","coordinates":[[[106.90909,-6.15444],[106.90681,-6.15304],[106.89328,-6.17512],[106.89639,-6.17794],[106.90127,-6.17853],[106.90659,-6.18053],[106.90708,-6.17957],[106.90704,-6.1787],[106.90732,-6.17799],[106.90712,-6.176],[106.90759,-6.17315],[106.90835,-6.17347],[106.91139,-6.16808],[106.90889,-6.16664],[106.91014,-6.16437],[106.90748,-6.16282],[106.91143,-6.15638],[106.91153,-6.15476],[106.90909,-6.15444]]]}},{"type":"Feature","properties":{"id":"31.72.06.1002","name":"Pegangsaan Dua"},"geometry":{"type":"Polygon","coordinates":[[[106.90659,-6.18053],[106.90708,-6.17957],[106.90704,-6.1787],[106.90732,-6.17799],[106.90712,-6.176],[106.90759,-6.17315],[106.90835,-6.17347],[106.91139,-6.16808],[106.90889,-6.16664],[106.91014,-6.16437],[106.90748,-6.16282],[106.91144,-6.15626],[106.91153,-6.15476],[106.90918,-6.15446],[106.90978,-6.14232],[106.91104,-6.14195],[106.91211,-6.14127],[106.9124,-6.14057],[106.91286,-6.14024],[106.91313,-6.13953],[106.91348,-6.13932],[106.91384,-6.1383],[106.91435,-6.13795],[106.91445,-6.13737],[106.91523,-6.13762],[106.91644,-6.13735],[106.91693,-6.13767],[106.91686,-6.13904],[106.91548,-6.14503],[106.91592,-6.14602],[106.91723,-6.1477],[106.91774,-6.1496],[106.91743,-6.15089],[106.91755,-6.15164],[106.91868,-6.15321],[106.92016,-6.15712],[106.92146,-6.15872],[106.92132,-6.15974],[106.92198,-6.16093],[106.92207,-6.16221],[106.92185,-6.1626],[106.92106,-6.16671],[106.92111,-6.16744],[106.92026,-6.1698],[106.92117,-6.17589],[106.92191,-6.17823],[106.92175,-6.179],[106.92193,-6.18003],[106.92164,-6.18064],[106.92186,-6.18091],[106.92188,-6.18146],[106.92209,-6.18156],[106.92246,-6.18309],[106.91371,-6.18243],[106.91207,-6.18272],[106.91103,-6.18231],[106.90986,-6.18224],[106.90745,-6.18091],[106.90705,-6.18071],[106.9069,-6.18065],[106.90678,-6.1806],[106.90659,-6.18053]],[[106.90659,-6.18053],[106.90678,-6.1806],[106.90685,-6.18063],[106.90659,-6.18053]]]}},{"type":"Feature","properties":{"id":"31.72.06.1003","name":"Kelapa Gading Barat"},"geometry":{"type":"Polygon","coordinates":[[[106.90426,-6.13975],[106.89271,-6.1369],[106.89245,-6.138],[106.89196,-6.13786],[106.88983,-6.14738],[106.88868,-6.15045],[106.88208,-6.16157],[106.8789,-6.16642],[106.88022,-6.16668],[106.88212,-6.1677],[106.891,-6.17313],[106.89325,-6.1752],[106.90681,-6.15304],[106.90918,-6.15446],[106.90988,-6.14242],[106.90936,-6.14238],[106.90861,-6.14289],[106.90784,-6.14297],[106.90632,-6.14361],[106.90501,-6.14172],[106.90426,-6.13975]]]}},{"type":"Feature","properties":{"id":"31.73.01.1001","name":"Cengkareng Barat"},"geometry":{"type":"Polygon","coordinates":[[[106.73059,-6.12334],[106.7299,-6.12262],[106.72908,-6.12329],[106.72859,-6.12327],[106.7286,-6.12375],[106.72751,-6.12387],[106.72568,-6.12491],[106.72438,-6.12634],[106.72332,-6.12596],[106.7224,-6.12613],[106.72163,-6.12687],[106.72128,-6.12699],[106.7205,-6.12676],[106.71948,-6.12796],[106.71983,-6.12821],[106.71971,-6.12837],[106.71937,-6.12812],[106.71925,-6.1283],[106.71963,-6.12891],[106.71825,-6.13018],[106.71857,-6.1306],[106.71723,-6.13171],[106.71873,-6.13342],[106.71829,-6.13379],[106.71858,-6.13412],[106.7181,-6.13451],[106.71767,-6.13452],[106.71766,-6.13584],[106.71695,-6.13607],[106.71665,-6.13727],[106.71666,-6.13809],[106.71733,-6.14299],[106.71749,-6.1434],[106.71832,-6.14362],[106.71792,-6.14545],[106.71839,-6.15037],[106.71897,-6.15348],[106.7219,-6.15324],[106.7275,-6.15461],[106.72752,-6.15082],[106.72773,-6.1492],[106.72975,-6.14116],[106.73019,-6.13774],[106.73029,-6.13382],[106.72996,-6.1258],[106.73059,-6.12334]]]}},{"type":"Feature","properties":{"id":"31.73.01.1002","name":"Duri Kosambi"},"geometry":{"type":"Polygon","coordinates":[[[106.72836,-6.17618],[106.72801,-6.17075],[106.72725,-6.16526],[106.7272,-6.16183],[106.7275,-6.15461],[106.72249,-6.15335],[106.72083,-6.15322],[106.71869,-6.15357],[106.71736,-6.1541],[106.71569,-6.1551],[106.71612,-6.15606],[106.71611,-6.15797],[106.71548,-6.15809],[106.71538,-6.16064],[106.71645,-6.16073],[106.71644,-6.16393],[106.71665,-6.16568],[106.71597,-6.1664],[106.71409,-6.1675],[106.71365,-6.16794],[106.71347,-6.16898],[106.71259,-6.17135],[106.71233,-6.17167],[106.71172,-6.17184],[106.71111,-6.17268],[106.7108,-6.17328],[106.71077,-6.17403],[106.70866,-6.17466],[106.70783,-6.17445],[106.70724,-6.17406],[106.70649,-6.17397],[106.70515,-6.17487],[106.70365,-6.17496],[106.70333,-6.17478],[106.70062,-6.17685],[106.70126,-6.17703],[106.70125,-6.17728],[106.70248,-6.17748],[106.70761,-6.17919],[106.71261,-6.18111],[106.71363,-6.18132],[106.71546,-6.18203],[106.7154,-6.18229],[106.71869,-6.18365],[106.71988,-6.18396],[106.71986,-6.18416],[106.72063,-6.18417],[106.72152,-6.18477],[106.722,-6.18481],[106.7231,-6.18467],[106.72294,-6.18424],[106.72344,-6.1836],[106.72398,-6.18396],[106.72438,-6.18364],[106.72442,-6.18331],[106.72399,-6.18248],[106.72456,-6.181],[106.72599,-6.17857],[106.72663,-6.17819],[106.72676,-6.17758],[106.72765,-6.17738],[106.72774,-6.17665],[106.72836,-6.17618]]]}},{"type":"Feature","properties":{"id":"31.73.01.1003","name":"Rawa Buaya"},"geometry":{"type":"Polygon","coordinates":[[[106.731,-6.15534],[106.7275,-6.15461],[106.7272,-6.16183],[106.72725,-6.16526],[106.72801,-6.17075],[106.72836,-6.17618],[106.72891,-6.1758],[106.72954,-6.17588],[106.72993,-6.17558],[106.73095,-6.17606],[106.73086,-6.17508],[106.73197,-6.17427],[106.73161,-6.17388],[106.73201,-6.17282],[106.7326,-6.17266],[106.73354,-6.1715],[106.73432,-6.17175],[106.73456,-6.17119],[106.73503,-6.171],[106.73531,-6.17126],[106.73566,-6.17105],[106.73576,-6.17086],[106.73543,-6.17034],[106.73564,-6.16994],[106.73637,-6.17041],[106.73773,-6.16995],[106.7379,-6.1706],[106.73827,-6.17062],[106.73838,-6.17014],[106.73777,-6.16952],[106.73801,-6.16869],[106.73847,-6.16891],[106.73853,-6.16972],[106.73881,-6.16981],[106.73908,-6.16883],[106.73938,-6.16864],[106.7395,-6.16822],[106.73996,-6.16808],[106.74007,-6.16853],[106.74041,-6.16854],[106.74051,-6.16823],[106.74034,-6.16774],[106.74052,-6.16759],[106.74114,-6.16769],[106.74128,-6.16811],[106.74161,-6.1681],[106.7418,-6.16782],[106.74174,-6.16732],[106.74266,-6.16647],[106.74374,-6.16656],[106.74401,-6.16598],[106.74434,-6.16672],[106.74493,-6.16644],[106.74543,-6.1665],[106.74569,-6.1663],[106.74575,-6.16576],[106.74628,-6.16606],[106.74673,-6.16592],[106.74647,-6.1653],[106.74671,-6.16501],[106.74702,-6.16536],[106.74757,-6.16538],[106.74836,-6.16581],[106.74883,-6.16572],[106.74758,-6.16033],[106.74796,-6.15571],[106.73878,-6.15496],[106.73438,-6.15497],[106.731,-6.15534]]]}},{"type":"Feature","properties":{"id":"31.73.01.1004","name":"Kedaung Kali Angke"},"geometry":{"type":"Polygon","coordinates":[[[106.76447,-6.14925],[106.76089,-6.14886],[106.76022,-6.14863],[106.75854,-6.14687],[106.75327,-6.14407],[106.75061,-6.14125],[106.75035,-6.14244],[106.75033,-6.14992],[106.74828,-6.1534],[106.74774,-6.15823],[106.75319,-6.15791],[106.75939,-6.15919],[106.75971,-6.15879],[106.76092,-6.15854],[106.76108,-6.15821],[106.76189,-6.15843],[106.7631,-6.15843],[106.76315,-6.15883],[106.76382,-6.15889],[106.76576,-6.15977],[106.76673,-6.15993],[106.76794,-6.15737],[106.77196,-6.15037],[106.76857,-6.14888],[106.76756,-6.14882],[106.76447,-6.14925]]]}},{"type":"Feature","properties":{"id":"31.73.01.1005","name":"Kapuk"},"geometry":{"type":"Polygon","coordinates":[[[106.75042,-6.13417],[106.7441,-6.12956],[106.73865,-6.12685],[106.73807,-6.12754],[106.73699,-6.12836],[106.73823,-6.12948],[106.73912,-6.12995],[106.73904,-6.13012],[106.73922,-6.13024],[106.73904,-6.13049],[106.73997,-6.13161],[106.74025,-6.13139],[106.74046,-6.13158],[106.74015,-6.13183],[106.74113,-6.13317],[106.74433,-6.13661],[106.74327,-6.13681],[106.74405,-6.13746],[106.74336,-6.13916],[106.74301,-6.13894],[106.7424,-6.13993],[106.7429,-6.14002],[106.74293,-6.14027],[106.74222,-6.14084],[106.74192,-6.14071],[106.7402,-6.14297],[106.73949,-6.14321],[106.7396,-6.14423],[106.73947,-6.14485],[106.73905,-6.14483],[106.73887,-6.14514],[106.73948,-6.14634],[106.74014,-6.14677],[106.74128,-6.14684],[106.74045,-6.14787],[106.74024,-6.14871],[106.73819,-6.15021],[106.73836,-6.15113],[106.73777,-6.15203],[106.73977,-6.1522],[106.73995,-6.15161],[106.74211,-6.15186],[106.74216,-6.15151],[106.74337,-6.15149],[106.74473,-6.15167],[106.74553,-6.15208],[106.74702,-6.15235],[106.74715,-6.15222],[106.74859,-6.15271],[106.75033,-6.14992],[106.75035,-6.14244],[106.75061,-6.14125],[106.75327,-6.14407],[106.75854,-6.14687],[106.75987,-6.14837],[106.76046,-6.14874],[106.76455,-6.14925],[106.76816,-6.14883],[106.76901,-6.14904],[106.77196,-6.15037],[106.77214,-6.15016],[106.77511,-6.14505],[106.7756,-6.14178],[106.77467,-6.14133],[106.77279,-6.14147],[106.76831,-6.14068],[106.75621,-6.13657],[106.75235,-6.13484],[106.75042,-6.13417]]]}},{"type":"Feature","properties":{"id":"31.73.01.1006","name":"Cengkareng Timur"},"geometry":{"type":"Polygon","coordinates":[[[106.73992,-6.13154],[106.73904,-6.13049],[106.73922,-6.13024],[106.73904,-6.13012],[106.73912,-6.12995],[106.73823,-6.12948],[106.73699,-6.12836],[106.73807,-6.12754],[106.73865,-6.12685],[106.73398,-6.12339],[106.73344,-6.12321],[106.73157,-6.1215],[106.73059,-6.12334],[106.72996,-6.1258],[106.73029,-6.13382],[106.73019,-6.13774],[106.72975,-6.14116],[106.72773,-6.1492],[106.72752,-6.15082],[106.7275,-6.15461],[106.73104,-6.15535],[106.73438,-6.15497],[106.73878,-6.15496],[106.74796,-6.15571],[106.74823,-6.15361],[106.74859,-6.15271],[106.74805,-6.15248],[106.74553,-6.15208],[106.74473,-6.15167],[106.74337,-6.15149],[106.74216,-6.15151],[106.74211,-6.15186],[106.73995,-6.15161],[106.73977,-6.1522],[106.73777,-6.15203],[106.73836,-6.15113],[106.73819,-6.15021],[106.74024,-6.14871],[106.74045,-6.14787],[106.74128,-6.14684],[106.74014,-6.14677],[106.73948,-6.14634],[106.73887,-6.14514],[106.73905,-6.14483],[106.73947,-6.14485],[106.7396,-6.14423],[106.73949,-6.14321],[106.7402,-6.14297],[106.74192,-6.14071],[106.74222,-6.14084],[106.74293,-6.14027],[106.7429,-6.14002],[106.7424,-6.13993],[106.74301,-6.13894],[106.74336,-6.13916],[106.74405,-6.13746],[106.74327,-6.13681],[106.74433,-6.13667],[106.74113,-6.13317],[106.74015,-6.13183],[106.74046,-6.13158],[106.74025,-6.13139],[106.73992,-6.13154]]]}},{"type":"Feature","properties":{"id":"31.73.02.1001","name":"Grogol"},"geometry":{"type":"Polygon","coordinates":[[[106.78845,-6.16689],[106.80036,-6.166],[106.79924,-6.16391],[106.79474,-6.15312],[106.79404,-6.15362],[106.78879,-6.16588],[106.78845,-6.16689]]]}},{"type":"Feature","properties":{"id":"31.73.02.1002","name":"Tanjung Duren Utara"},"geometry":{"type":"Polygon","coordinates":[[[106.78266,-6.1854],[106.78322,-6.1853],[106.78316,-6.18457],[106.78366,-6.18169],[106.78355,-6.1738],[106.78899,-6.17371],[106.78992,-6.1731],[106.78893,-6.17178],[106.78846,-6.17069],[106.78821,-6.16868],[106.78844,-6.16691],[106.78642,-6.16652],[106.78473,-6.16563],[106.78117,-6.1649],[106.78015,-6.16491],[106.78032,-6.16605],[106.77951,-6.16643],[106.77949,-6.1666],[106.77981,-6.18008],[106.78266,-6.1854]]]}},{"type":"Feature","properties":{"id":"31.73.02.1003","name":"Tomang"},"geometry":{"type":"Polygon","coordinates":[[[106.80549,-6.17349],[106.80036,-6.166],[106.78844,-6.16691],[106.78824,-6.16924],[106.78846,-6.17069],[106.78893,-6.17178],[106.7904,-6.1736],[106.79521,-6.1781],[106.79613,-6.17942],[106.79854,-6.17817],[106.80262,-6.17525],[106.80549,-6.17349]]]}},{"type":"Feature","properties":{"id":"31.73.02.1004","name":"Jelambar"},"geometry":{"type":"Polygon","coordinates":[[[106.7866,-6.15283],[106.78187,-6.15284],[106.78149,-6.15253],[106.77992,-6.15572],[106.78025,-6.15599],[106.77993,-6.15698],[106.7797,-6.16006],[106.77942,-6.16143],[106.77999,-6.16152],[106.78004,-6.16172],[106.78158,-6.16179],[106.78131,-6.16327],[106.78151,-6.16339],[106.78141,-6.1639],[106.78174,-6.16397],[106.78164,-6.16499],[106.78488,-6.16567],[106.78642,-6.16652],[106.78845,-6.16691],[106.79326,-6.15548],[106.79233,-6.15518],[106.78979,-6.15518],[106.7874,-6.1549],[106.7874,-6.15448],[106.78673,-6.15343],[106.78728,-6.15291],[106.78729,-6.15267],[106.7866,-6.15283]]]}},{"type":"Feature","properties":{"id":"31.73.02.1005","name":"Tanjung Duren Selatan"},"geometry":{"type":"Polygon","coordinates":[[[106.7881,-6.18508],[106.78932,-6.18484],[106.79204,-6.18373],[106.79485,-6.18025],[106.79613,-6.17942],[106.79507,-6.17795],[106.78992,-6.1731],[106.78899,-6.17371],[106.78355,-6.1738],[106.78368,-6.18127],[106.78316,-6.18457],[106.78322,-6.1853],[106.7881,-6.18508]]]}},{"type":"Feature","properties":{"id":"31.73.02.1006","name":"Jelambar Baru"},"geometry":{"type":"Polygon","coordinates":[[[106.79474,-6.15312],[106.78919,-6.1425],[106.78787,-6.14317],[106.78069,-6.14379],[106.78093,-6.15061],[106.78112,-6.15066],[106.78154,-6.15154],[106.78139,-6.15241],[106.78181,-6.15281],[106.7866,-6.15283],[106.78729,-6.15267],[106.78728,-6.15291],[106.78673,-6.15343],[106.7874,-6.15448],[106.7874,-6.1549],[106.78979,-6.15518],[106.79233,-6.15518],[106.79326,-6.15548],[106.79404,-6.15362],[106.79474,-6.15312]]]}},{"type":"Feature","properties":{"id":"31.73.02.1007","name":"Wijaya Kusuma"},"geometry":{"type":"Polygon","coordinates":[[[106.78093,-6.15061],[106.78069,-6.14379],[106.77712,-6.14409],[106.77486,-6.14544],[106.7677,-6.15793],[106.76877,-6.1588],[106.76976,-6.16114],[106.77909,-6.16487],[106.78164,-6.16499],[106.78174,-6.16397],[106.78141,-6.1639],[106.78151,-6.16339],[106.78131,-6.16327],[106.78158,-6.16179],[106.78004,-6.16172],[106.77999,-6.16152],[106.77941,-6.1614],[106.7797,-6.16006],[106.77993,-6.15698],[106.78025,-6.15599],[106.77992,-6.15573],[106.78149,-6.15253],[106.78155,-6.15157],[106.78112,-6.15066],[106.78093,-6.15061]]]}},{"type":"Feature","properties":{"id":"31.73.03.1001","name":"Taman Sari"},"geometry":{"type":"Polygon","coordinates":[[[106.82724,-6.15134],[106.82677,-6.14851],[106.8204,-6.14943],[106.82145,-6.15364],[106.82223,-6.15505],[106.82312,-6.15791],[106.82407,-6.15922],[106.82747,-6.15899],[106.82724,-6.15134]]]}},{"type":"Feature","properties":{"id":"31.73.03.1002","name":"Krukut"},"geometry":{"type":"Polygon","coordinates":[[[106.81905,-6.15975],[106.81753,-6.15298],[106.81525,-6.15317],[106.81523,-6.154],[106.81344,-6.15427],[106.81341,-6.15401],[106.811,-6.15434],[106.81111,-6.15524],[106.81094,-6.15716],[106.81143,-6.15816],[106.81265,-6.15959],[106.81281,-6.16068],[106.81905,-6.15975]]]}},{"type":"Feature","properties":{"id":"31.73.03.1003","name":"Maphar"},"geometry":{"type":"Polygon","coordinates":[[[106.82116,-6.15278],[106.8204,-6.14943],[106.81686,-6.15002],[106.81905,-6.15975],[106.82062,-6.15953],[106.82834,-6.16229],[106.82769,-6.16084],[106.82747,-6.15899],[106.82407,-6.15922],[106.82318,-6.15801],[106.82264,-6.15674],[106.82223,-6.15505],[106.82116,-6.15278]]]}},{"type":"Feature","properties":{"id":"31.73.03.1004","name":"Tangki"},"geometry":{"type":"Polygon","coordinates":[[[106.82327,-6.1428],[106.82094,-6.14241],[106.82043,-6.14943],[106.82677,-6.14851],[106.82625,-6.14675],[106.82538,-6.1451],[106.82384,-6.14259],[106.82327,-6.1428]]]}},{"type":"Feature","properties":{"id":"31.73.03.1005","name":"Mangga Besar"},"geometry":{"type":"Polygon","coordinates":[[[106.81687,-6.15002],[106.82043,-6.14943],[106.82094,-6.14241],[106.82031,-6.142],[106.821,-6.14051],[106.82074,-6.14006],[106.81926,-6.13992],[106.81822,-6.14015],[106.81581,-6.1418],[106.81493,-6.14274],[106.81687,-6.15002]]]}},{"type":"Feature","properties":{"id":"31.73.03.1006","name":"Keagungan"},"geometry":{"type":"Polygon","coordinates":[[[106.81642,-6.14822],[106.81182,-6.14818],[106.81208,-6.14969],[106.81202,-6.15191],[106.811,-6.15434],[106.81341,-6.15401],[106.81344,-6.15427],[106.81523,-6.154],[106.81525,-6.15317],[106.81753,-6.15298],[106.81642,-6.14822]]]}},{"type":"Feature","properties":{"id":"31.73.03.1007","name":"Glodok"},"geometry":{"type":"Polygon","coordinates":[[[106.81488,-6.1427],[106.81227,-6.141],[106.81108,-6.1418],[106.81055,-6.14246],[106.81066,-6.14524],[106.81182,-6.14818],[106.81642,-6.14822],[106.81488,-6.1427]]]}},{"type":"Feature","properties":{"id":"31.73.03.1008","name":"Pinangsia"},"geometry":{"type":"Polygon","coordinates":[[[106.81677,-6.13711],[106.81665,-6.13603],[106.81505,-6.13024],[106.81358,-6.13006],[106.81048,-6.13084],[106.81212,-6.13709],[106.812,-6.13811],[106.81141,-6.13922],[106.81136,-6.13993],[106.81226,-6.14099],[106.81493,-6.14274],[106.81581,-6.1418],[106.81822,-6.14015],[106.81926,-6.13992],[106.82057,-6.14002],[106.82089,-6.14015],[106.821,-6.14051],[106.82032,-6.14194],[106.82037,-6.14215],[106.82101,-6.14243],[106.82314,-6.14279],[106.82378,-6.14267],[106.82261,-6.14033],[106.82178,-6.1375],[106.8212,-6.13675],[106.8206,-6.13642],[106.81981,-6.13633],[106.81677,-6.13711]]]}},{"type":"Feature","properties":{"id":"31.73.04.1001","name":"Tambora"},"geometry":{"type":"Polygon","coordinates":[[[106.81095,-6.14166],[106.80784,-6.14148],[106.80663,-6.14169],[106.80728,-6.14798],[106.81146,-6.1472],[106.81066,-6.14524],[106.81053,-6.14256],[106.81107,-6.1418],[106.81095,-6.14166]]]}},{"type":"Feature","properties":{"id":"31.73.04.1002","name":"Kali Anyar"},"geometry":{"type":"Polygon","coordinates":[[[106.80157,-6.15904],[106.8013,-6.15482],[106.79826,-6.15505],[106.79831,-6.15548],[106.79566,-6.15532],[106.79819,-6.1614],[106.80042,-6.16037],[106.801,-6.15973],[106.80128,-6.15903],[106.80157,-6.15904]]]}},{"type":"Feature","properties":{"id":"31.73.04.1003","name":"Duri Utara"},"geometry":{"type":"Polygon","coordinates":[[[106.8077,-6.15141],[106.80412,-6.15147],[106.80343,-6.15185],[106.80298,-6.15257],[106.80272,-6.15397],[106.80126,-6.15401],[106.80142,-6.15699],[106.80814,-6.15638],[106.8077,-6.15141]]]}},{"type":"Feature","properties":{"id":"31.73.04.1004","name":"Tanah Sereal"},"geometry":{"type":"Polygon","coordinates":[[[106.81144,-6.1472],[106.80728,-6.14798],[106.80812,-6.15541],[106.80823,-6.15908],[106.80806,-6.16135],[106.81098,-6.16077],[106.81281,-6.16068],[106.81265,-6.15959],[106.81143,-6.15816],[106.81094,-6.15716],[106.81111,-6.15524],[106.81101,-6.15421],[106.81203,-6.15182],[106.81207,-6.14953],[106.81144,-6.1472]]]}},{"type":"Feature","properties":{"id":"31.73.04.1005","name":"Krendang"},"geometry":{"type":"Polygon","coordinates":[[[106.80767,-6.15136],[106.80724,-6.1476],[106.80094,-6.14844],[106.80126,-6.15401],[106.80272,-6.15397],[106.80301,-6.15247],[106.80343,-6.15185],[106.80408,-6.15148],[106.80767,-6.15136]]]}},{"type":"Feature","properties":{"id":"31.73.04.1006","name":"Jembatan Besi"},"geometry":{"type":"Polygon","coordinates":[[[106.8013,-6.15482],[106.80094,-6.14844],[106.79486,-6.14922],[106.793,-6.14968],[106.79436,-6.15228],[106.79566,-6.15532],[106.79831,-6.15548],[106.79826,-6.15505],[106.8013,-6.15482]]]}},{"type":"Feature","properties":{"id":"31.73.04.1007","name":"Angke"},"geometry":{"type":"Polygon","coordinates":[[[106.80094,-6.14844],[106.80056,-6.14188],[106.79215,-6.1428],[106.79049,-6.14229],[106.78919,-6.1425],[106.793,-6.14968],[106.79486,-6.14922],[106.80094,-6.14844]]]}},{"type":"Feature","properties":{"id":"31.73.04.1008","name":"Jembatan Lima"},"geometry":{"type":"Polygon","coordinates":[[[106.80664,-6.14174],[106.80056,-6.14188],[106.80094,-6.14844],[106.80724,-6.1476],[106.80664,-6.14174]]]}},{"type":"Feature","properties":{"id":"31.73.04.1009","name":"Pekojan"},"geometry":{"type":"Polygon","coordinates":[[[106.80581,-6.14174],[106.80784,-6.14148],[106.80764,-6.13833],[106.80784,-6.13707],[106.80739,-6.13609],[106.807,-6.13389],[106.80634,-6.1319],[106.8018,-6.13318],[106.80069,-6.13427],[106.80022,-6.13584],[106.80056,-6.14188],[106.80581,-6.14174]]]}},{"type":"Feature","properties":{"id":"31.73.04.1010","name":"Roa Malaka"},"geometry":{"type":"Polygon","coordinates":[[[106.81107,-6.1418],[106.81228,-6.14084],[106.81154,-6.14028],[106.81136,-6.13969],[106.81143,-6.13917],[106.81199,-6.13818],[106.81211,-6.137],[106.81048,-6.13084],[106.80634,-6.1319],[106.807,-6.13389],[106.80739,-6.13609],[106.80784,-6.13707],[106.80764,-6.13833],[106.80784,-6.14148],[106.80802,-6.14162],[106.81095,-6.14166],[106.81107,-6.1418]]]}},{"type":"Feature","properties":{"id":"31.73.04.1011","name":"Duri Selatan"},"geometry":{"type":"Polygon","coordinates":[[[106.80823,-6.1593],[106.80814,-6.15638],[106.80142,-6.15699],[106.80164,-6.16014],[106.80199,-6.16013],[106.80279,-6.16119],[106.80393,-6.16175],[106.80465,-6.1618],[106.80806,-6.16135],[106.80823,-6.1593]]]}},{"type":"Feature","properties":{"id":"31.73.05.1001","name":"Kebon Jeruk"},"geometry":{"type":"Polygon","coordinates":[[[106.78211,-6.19401],[106.78233,-6.19118],[106.78321,-6.18883],[106.78337,-6.18774],[106.78345,-6.18667],[106.78322,-6.1853],[106.77942,-6.18643],[106.77297,-6.18893],[106.77039,-6.18969],[106.76885,-6.18993],[106.76236,-6.19017],[106.75713,-6.19062],[106.7569,-6.19192],[106.75702,-6.19241],[106.75785,-6.19372],[106.7598,-6.19542],[106.75992,-6.1962],[106.76062,-6.19688],[106.76088,-6.19688],[106.76149,-6.19611],[106.7624,-6.1971],[106.76317,-6.19928],[106.76323,-6.20079],[106.76383,-6.20152],[106.7639,-6.20253],[106.76433,-6.20277],[106.76491,-6.20254],[106.77336,-6.20211],[106.77461,-6.20213],[106.77491,-6.2022],[106.7748,-6.20234],[106.77599,-6.20258],[106.78269,-6.20217],[106.78231,-6.19883],[106.78211,-6.19401]]]}},{"type":"Feature","properties":{"id":"31.73.05.1002","name":"Sukabumi Utara"},"geometry":{"type":"Polygon","coordinates":[[[106.7827,-6.20223],[106.77619,-6.20258],[106.7748,-6.20234],[106.77434,-6.20277],[106.77412,-6.20358],[106.77383,-6.20394],[106.77403,-6.20497],[106.77347,-6.20588],[106.77315,-6.20586],[106.7724,-6.20653],[106.77214,-6.20802],[106.77145,-6.20952],[106.77146,-6.21061],[106.77173,-6.21139],[106.77166,-6.2122],[106.77199,-6.21334],[106.7726,-6.2143],[106.77354,-6.21517],[106.77367,-6.21637],[106.77715,-6.21609],[106.77757,-6.21531],[106.77766,-6.2138],[106.7779,-6.21353],[106.7825,-6.2133],[106.78339,-6.21267],[106.78359,-6.21163],[106.7827,-6.20223]]]}},{"type":"Feature","properties":{"id":"31.73.05.1003","name":"Sukabumi Selatan"},"geometry":{"type":"Polygon","coordinates":[[[106.77714,-6.21612],[106.76426,-6.21698],[106.76482,-6.2179],[106.76534,-6.21955],[106.76522,-6.22125],[106.76564,-6.22171],[106.76543,-6.22215],[106.76593,-6.2225],[106.76557,-6.22276],[106.76556,-6.22318],[106.76689,-6.22524],[106.76678,-6.22554],[106.76621,-6.22591],[106.76594,-6.2269],[106.76479,-6.22709],[106.76581,-6.22743],[106.7675,-6.22748],[106.76782,-6.22729],[106.77843,-6.22691],[106.77846,-6.21778],[106.77822,-6.21741],[106.77719,-6.21692],[106.77714,-6.21612]]]}},{"type":"Feature","properties":{"id":"31.73.05.1004","name":"Kelapa Dua"},"geometry":{"type":"Polygon","coordinates":[[[106.77379,-6.20211],[106.76491,-6.20254],[106.76433,-6.20277],[106.76434,-6.20415],[106.7636,-6.20498],[106.76401,-6.20535],[106.76454,-6.2069],[106.76513,-6.20729],[106.76466,-6.209],[106.76529,-6.20906],[106.76547,-6.20931],[106.76595,-6.21041],[106.76616,-6.21159],[106.76528,-6.21313],[106.76315,-6.21505],[106.76317,-6.21586],[106.76377,-6.21671],[106.76426,-6.21698],[106.77367,-6.21637],[106.77354,-6.21517],[106.7726,-6.2143],[106.77199,-6.21334],[106.77167,-6.21226],[106.77173,-6.21134],[106.77143,-6.21026],[106.77145,-6.20949],[106.77214,-6.20802],[106.77236,-6.20661],[106.77315,-6.20586],[106.77347,-6.20588],[106.77401,-6.205],[106.77384,-6.20387],[106.77412,-6.20358],[106.77434,-6.20277],[106.77491,-6.2022],[106.77379,-6.20211]]]}},{"type":"Feature","properties":{"id":"31.73.05.1005","name":"Duri Kepa"},"geometry":{"type":"Polygon","coordinates":[[[106.77934,-6.16493],[106.77326,-6.16261],[106.7726,-6.16462],[106.77062,-6.16374],[106.76734,-6.16294],[106.76766,-6.17743],[106.76842,-6.1773],[106.76854,-6.17852],[106.76784,-6.17858],[106.76804,-6.17951],[106.7673,-6.17971],[106.76734,-6.18053],[106.76885,-6.1802],[106.7694,-6.18036],[106.76789,-6.1838],[106.76851,-6.18558],[106.76885,-6.18993],[106.77229,-6.18916],[106.778,-6.18694],[106.78265,-6.1854],[106.77982,-6.18014],[106.77949,-6.1666],[106.77951,-6.16643],[106.78032,-6.16605],[106.7803,-6.16556],[106.78015,-6.1649],[106.77934,-6.16493]]]}},{"type":"Feature","properties":{"id":"31.73.05.1006","name":"Kedoya Utara"},"geometry":{"type":"Polygon","coordinates":[[[106.76985,-6.16121],[106.76866,-6.15864],[106.7677,-6.15793],[106.76673,-6.15993],[106.76576,-6.15977],[106.76382,-6.15889],[106.76315,-6.15883],[106.7631,-6.15843],[106.76189,-6.15843],[106.76108,-6.15821],[106.76092,-6.15854],[106.75964,-6.15883],[106.75923,-6.15945],[106.75799,-6.16061],[106.75718,-6.16197],[106.75664,-6.16484],[106.75595,-6.16549],[106.75515,-6.16575],[106.75496,-6.16607],[106.75404,-6.16663],[106.75348,-6.16776],[106.753,-6.16766],[106.75278,-6.16827],[106.75184,-6.16858],[106.75223,-6.16921],[106.75186,-6.17012],[106.75085,-6.17054],[106.75095,-6.17107],[106.75036,-6.17142],[106.7499,-6.17211],[106.74925,-6.17225],[106.74981,-6.1736],[106.75173,-6.17485],[106.75326,-6.17557],[106.75325,-6.1753],[106.7542,-6.17422],[106.75537,-6.17501],[106.75595,-6.17503],[106.75595,-6.1748],[106.7565,-6.17474],[106.7565,-6.17499],[106.75865,-6.17527],[106.75816,-6.17651],[106.75881,-6.17671],[106.75904,-6.17657],[106.75915,-6.17596],[106.7607,-6.17672],[106.76233,-6.17698],[106.76588,-6.17646],[106.76604,-6.17651],[106.76619,-6.17771],[106.76767,-6.17752],[106.76734,-6.16294],[106.77062,-6.16374],[106.7726,-6.16462],[106.77326,-6.16261],[106.76985,-6.16121]]]}},{"type":"Feature","properties":{"id":"31.73.05.1007","name":"Kedoya Selatan"},"geometry":{"type":"Polygon","coordinates":[[[106.75194,-6.17496],[106.74981,-6.1736],[106.74963,-6.17431],[106.74976,-6.17512],[106.74939,-6.17599],[106.74976,-6.17637],[106.74986,-6.1771],[106.75031,-6.17709],[106.7506,-6.17751],[106.75109,-6.17724],[106.75131,-6.17771],[106.75055,-6.17929],[106.75057,-6.1801],[106.75001,-6.18059],[106.75067,-6.18136],[106.75139,-6.18186],[106.75214,-6.18306],[106.75406,-6.18453],[106.755,-6.18409],[106.75653,-6.18449],[106.75648,-6.185],[106.75688,-6.18554],[106.75668,-6.18634],[106.75711,-6.18742],[106.75738,-6.18755],[106.75779,-6.1874],[106.75811,-6.18762],[106.75787,-6.18822],[106.75792,-6.18876],[106.75716,-6.19018],[106.75713,-6.19062],[106.76236,-6.19017],[106.76885,-6.18993],[106.76851,-6.18558],[106.76789,-6.1838],[106.7694,-6.18036],[106.76885,-6.1802],[106.76735,-6.18062],[106.7673,-6.17971],[106.76804,-6.17951],[106.76784,-6.17858],[106.76854,-6.17852],[106.76842,-6.1773],[106.76619,-6.17771],[106.76592,-6.17647],[106.7623,-6.17698],[106.7607,-6.17672],[106.75915,-6.17596],[106.75904,-6.17657],[106.75881,-6.17671],[106.75816,-6.17651],[106.75865,-6.17527],[106.7565,-6.17499],[106.7565,-6.17474],[106.75595,-6.1748],[106.75595,-6.17503],[106.75537,-6.17501],[106.7542,-6.17422],[106.75325,-6.1753],[106.75326,-6.17557],[106.75194,-6.17496]]]}},{"type":"Feature","properties":{"id":"31.73.06.1001","name":"Kalideres"},"geometry":{"type":"Polygon","coordinates":[[[106.68722,-6.12875],[106.68645,-6.12846],[106.68595,-6.12791],[106.68581,-6.12856],[106.6864,-6.13602],[106.68666,-6.13604],[106.68676,-6.13699],[106.68642,-6.14117],[106.68659,-6.14154],[106.68645,-6.144],[106.6873,-6.14399],[106.68772,-6.1533],[106.68734,-6.15422],[106.68776,-6.15428],[106.68804,-6.15993],[106.69515,-6.15983],[106.69784,-6.15944],[106.70268,-6.15796],[106.70652,-6.15634],[106.71414,-6.15594],[106.71736,-6.1541],[106.71897,-6.15348],[106.71854,-6.15148],[106.71816,-6.14791],[106.71487,-6.14804],[106.71068,-6.14724],[106.708,-6.14545],[106.70401,-6.14466],[106.70144,-6.14447],[106.69907,-6.14351],[106.69655,-6.1429],[106.69254,-6.14084],[106.69185,-6.1401],[106.6916,-6.13944],[106.69191,-6.13822],[106.69124,-6.13759],[106.69175,-6.13648],[106.69128,-6.13496],[106.69147,-6.1335],[106.68946,-6.13255],[106.68836,-6.13041],[106.68753,-6.12991],[106.68722,-6.12875]]]}},{"type":"Feature","properties":{"id":"31.73.06.1002","name":"Semanan"},"geometry":{"type":"Polygon","coordinates":[[[106.71611,-6.15602],[106.71569,-6.1551],[106.7146,-6.15577],[106.71376,-6.15602],[106.71113,-6.156],[106.70674,-6.1563],[106.70268,-6.15796],[106.69804,-6.1594],[106.69523,-6.15982],[106.69094,-6.15992],[106.69092,-6.16101],[106.69029,-6.1618],[106.69024,-6.1626],[106.68969,-6.16369],[106.68931,-6.16396],[106.6893,-6.16698],[106.68866,-6.16697],[106.68811,-6.16843],[106.68701,-6.16862],[106.68681,-6.17237],[106.68856,-6.17261],[106.68955,-6.17319],[106.69123,-6.17351],[106.691,-6.17432],[106.69118,-6.17491],[106.69274,-6.17504],[106.69343,-6.17532],[106.69372,-6.17567],[106.69452,-6.17575],[106.6956,-6.17514],[106.70062,-6.17685],[106.70333,-6.17478],[106.70365,-6.17496],[106.70515,-6.17487],[106.70649,-6.17397],[106.70724,-6.17406],[106.70783,-6.17445],[106.70866,-6.17466],[106.71056,-6.17418],[106.71077,-6.17403],[106.71088,-6.17305],[106.71161,-6.17197],[106.71233,-6.17167],[106.71259,-6.17135],[106.71347,-6.16898],[106.71365,-6.16794],[106.71409,-6.1675],[106.71597,-6.1664],[106.71665,-6.16568],[106.71644,-6.16393],[106.71645,-6.16073],[106.71538,-6.16064],[106.71548,-6.15809],[106.7161,-6.15808],[106.71611,-6.15602]]]}},{"type":"Feature","properties":{"id":"31.73.06.1003","name":"Tegal Alur"},"geometry":{"type":"Polygon","coordinates":[[[106.71753,-6.10504],[106.71425,-6.09885],[106.71267,-6.10073],[106.71174,-6.10237],[106.7102,-6.10404],[106.70655,-6.1046],[106.70543,-6.10531],[106.70257,-6.10623],[106.70171,-6.10672],[106.70705,-6.11369],[106.71107,-6.11837],[106.70603,-6.12301],[106.71422,-6.1318],[106.71497,-6.13219],[106.71662,-6.13099],[106.71676,-6.13113],[106.71758,-6.13042],[106.71772,-6.13057],[106.71963,-6.12891],[106.71925,-6.1283],[106.71937,-6.12812],[106.71971,-6.12837],[106.71983,-6.12821],[106.71948,-6.12796],[106.7205,-6.12676],[106.72128,-6.12699],[106.72163,-6.12687],[106.7224,-6.12613],[106.72332,-6.12596],[106.72438,-6.12634],[106.72568,-6.12491],[106.72751,-6.12387],[106.7286,-6.12375],[106.72859,-6.12327],[106.72908,-6.12329],[106.7299,-6.12262],[106.73059,-6.12334],[106.73157,-6.1215],[106.72729,-6.11741],[106.71807,-6.10545],[106.71753,-6.10504]]]}},{"type":"Feature","properties":{"id":"31.73.06.1004","name":"Kamal"},"geometry":{"type":"Polygon","coordinates":[[[106.69423,-6.09563],[106.69143,-6.09581],[106.69093,-6.09646],[106.68799,-6.09707],[106.68831,-6.09764],[106.68801,-6.09823],[106.68852,-6.10017],[106.68915,-6.10025],[106.6891,-6.10127],[106.68945,-6.10182],[106.68819,-6.1032],[106.68862,-6.10343],[106.6885,-6.10405],[106.68878,-6.10439],[106.68878,-6.10492],[106.6884,-6.10532],[106.68842,-6.107],[106.68868,-6.10692],[106.68874,-6.10809],[106.68928,-6.10874],[106.69125,-6.10888],[106.69143,-6.10715],[106.69294,-6.10652],[106.69301,-6.10627],[106.69475,-6.10721],[106.6949,-6.10827],[106.69548,-6.10943],[106.69528,-6.10958],[106.69643,-6.11084],[106.69689,-6.11059],[106.69645,-6.11127],[106.69656,-6.11137],[106.69586,-6.112],[106.69589,-6.1133],[106.69563,-6.11389],[106.69399,-6.11342],[106.69393,-6.1137],[106.69306,-6.11356],[106.69125,-6.11372],[106.69055,-6.11571],[106.68962,-6.12067],[106.69,-6.12112],[106.69414,-6.11765],[106.69792,-6.11528],[106.69854,-6.11519],[106.69928,-6.11573],[106.70603,-6.12301],[106.71107,-6.11837],[106.70705,-6.11369],[106.70171,-6.10672],[106.70257,-6.10623],[106.70543,-6.10531],[106.70655,-6.1046],[106.7102,-6.10404],[106.71174,-6.10237],[106.71267,-6.10073],[106.71425,-6.09885],[106.7129,-6.09733],[106.71261,-6.09752],[106.71144,-6.09643],[106.71076,-6.0968],[106.71051,-6.09641],[106.70616,-6.09595],[106.70388,-6.09649],[106.70313,-6.09685],[106.70293,-6.09632],[106.70266,-6.09641],[106.7025,-6.09607],[106.70173,-6.09634],[106.70161,-6.09607],[106.70074,-6.0962],[106.70012,-6.09601],[106.69755,-6.09644],[106.69569,-6.09617],[106.69423,-6.09563]]]}},{"type":"Feature","properties":{"id":"31.73.06.1005","name":"Pegadungan"},"geometry":{"type":"Polygon","coordinates":[[[106.71437,-6.13193],[106.69915,-6.11559],[106.6987,-6.11523],[106.69808,-6.11521],[106.69318,-6.11835],[106.68962,-6.12142],[106.68794,-6.12461],[106.68663,-6.12482],[106.68595,-6.12791],[106.68645,-6.12846],[106.68709,-6.12856],[106.68744,-6.12978],[106.68836,-6.13041],[106.68946,-6.13255],[106.69147,-6.1335],[106.69128,-6.13496],[106.69175,-6.13648],[106.69124,-6.13759],[106.69192,-6.13825],[106.6916,-6.13932],[106.69184,-6.14007],[106.69254,-6.14084],[106.69666,-6.14294],[106.69907,-6.14351],[106.70144,-6.14447],[106.70401,-6.14466],[106.7079,-6.14542],[106.71068,-6.14724],[106.71487,-6.14804],[106.71816,-6.14791],[106.71791,-6.14542],[106.71832,-6.14362],[106.71749,-6.1434],[106.71733,-6.14299],[106.71665,-6.13727],[106.71695,-6.13607],[106.71766,-6.13584],[106.71767,-6.13452],[106.7181,-6.13451],[106.71858,-6.13412],[106.71829,-6.13379],[106.71873,-6.13342],[106.71723,-6.13171],[106.71857,-6.1306],[106.71825,-6.13018],[106.71772,-6.13057],[106.71758,-6.13042],[106.71676,-6.13113],[106.71662,-6.13099],[106.71519,-6.13212],[106.7148,-6.13217],[106.71437,-6.13193]]]}},{"type":"Feature","properties":{"id":"31.73.07.1001","name":"Palmerah"},"geometry":{"type":"Polygon","coordinates":[[[106.78766,-6.19505],[106.78752,-6.19449],[106.78509,-6.19308],[106.78223,-6.19324],[106.78209,-6.19485],[106.78231,-6.19883],[106.7832,-6.20672],[106.78727,-6.20699],[106.78855,-6.20825],[106.78906,-6.20847],[106.78941,-6.20839],[106.79061,-6.20747],[106.79252,-6.2078],[106.79608,-6.20758],[106.79659,-6.20556],[106.79729,-6.20384],[106.79827,-6.2026],[106.79942,-6.20177],[106.79953,-6.20135],[106.79853,-6.19921],[106.79679,-6.19959],[106.79411,-6.19965],[106.79323,-6.19753],[106.7941,-6.19638],[106.79406,-6.1956],[106.79374,-6.19522],[106.79233,-6.19455],[106.79222,-6.19425],[106.78965,-6.19431],[106.78956,-6.19524],[106.78766,-6.19505]]]}},{"type":"Feature","properties":{"id":"31.73.07.1002","name":"Slipi"},"geometry":{"type":"Polygon","coordinates":[[[106.80674,-6.18921],[106.80604,-6.18906],[106.7971,-6.18957],[106.79726,-6.19417],[106.7975,-6.19594],[106.79837,-6.19881],[106.79953,-6.20135],[106.80023,-6.20028],[106.80277,-6.19904],[106.80359,-6.19788],[106.8043,-6.19737],[106.80505,-6.19581],[106.80554,-6.19274],[106.80637,-6.19076],[106.80674,-6.18921]]]}},{"type":"Feature","properties":{"id":"31.73.07.1003","name":"Kota Bambu Utara"},"geometry":{"type":"Polygon","coordinates":[[[106.80534,-6.18036],[106.8051,-6.17995],[106.79898,-6.18184],[106.79806,-6.18202],[106.79776,-6.18194],[106.79772,-6.18165],[106.79677,-6.1818],[106.79695,-6.18588],[106.80124,-6.18577],[106.80125,-6.1841],[106.80175,-6.18401],[106.80271,-6.18455],[106.8038,-6.18561],[106.80585,-6.18553],[106.80799,-6.18675],[106.81033,-6.18507],[106.8101,-6.18272],[106.80828,-6.18291],[106.80818,-6.18218],[106.80707,-6.18234],[106.80703,-6.18195],[106.8055,-6.18204],[106.80534,-6.18036]]]}},{"type":"Feature","properties":{"id":"31.73.07.1004","name":"Jatipulo"},"geometry":{"type":"Polygon","coordinates":[[[106.80982,-6.17995],[106.80549,-6.17349],[106.80262,-6.17525],[106.79854,-6.17817],[106.79613,-6.17942],[106.79656,-6.18054],[106.79677,-6.1818],[106.79772,-6.18165],[106.79776,-6.18194],[106.79806,-6.18202],[106.79898,-6.18184],[106.8051,-6.17995],[106.80534,-6.1803],[106.8055,-6.18204],[106.80703,-6.18195],[106.80707,-6.18234],[106.80818,-6.18218],[106.80828,-6.18291],[106.8101,-6.18272],[106.80982,-6.17995]]]}},{"type":"Feature","properties":{"id":"31.73.07.1005","name":"Kemanggisan"},"geometry":{"type":"Polygon","coordinates":[[[106.79732,-6.19483],[106.7967,-6.18125],[106.79613,-6.17942],[106.79493,-6.18017],[106.79243,-6.18337],[106.79159,-6.18401],[106.78839,-6.18505],[106.78322,-6.1853],[106.78345,-6.18667],[106.78337,-6.18774],[106.78321,-6.18883],[106.78245,-6.1906],[106.78223,-6.19324],[106.78494,-6.19303],[106.78752,-6.19449],[106.78766,-6.19505],[106.78843,-6.19502],[106.78851,-6.19524],[106.78956,-6.19524],[106.78965,-6.19431],[106.79222,-6.19425],[106.79233,-6.19455],[106.79374,-6.19522],[106.79406,-6.1956],[106.7941,-6.19638],[106.79323,-6.19753],[106.79411,-6.19965],[106.79679,-6.19959],[106.79852,-6.19921],[106.79781,-6.19716],[106.79732,-6.19483]]]}},{"type":"Feature","properties":{"id":"31.73.07.1006","name":"Kota Bambu Selatan"},"geometry":{"type":"Polygon","coordinates":[[[106.80192,-6.18412],[106.80125,-6.1841],[106.80124,-6.18577],[106.79695,-6.18588],[106.7971,-6.18957],[106.80677,-6.18913],[106.80716,-6.18891],[106.80943,-6.1887],[106.81065,-6.18894],[106.81033,-6.18507],[106.80799,-6.18675],[106.80585,-6.18553],[106.8038,-6.18561],[106.80271,-6.18455],[106.80192,-6.18412]]]}},{"type":"Feature","properties":{"id":"31.73.08.1001","name":"Kembangan Utara"},"geometry":{"type":"Polygon","coordinates":[[[106.75509,-6.16583],[106.75595,-6.16549],[106.75664,-6.16484],[106.75718,-6.16197],[106.75799,-6.16061],[106.75939,-6.15919],[106.75319,-6.15791],[106.74774,-6.15823],[106.74759,-6.16041],[106.74879,-6.16576],[106.74845,-6.16583],[106.74757,-6.16538],[106.74702,-6.16536],[106.74671,-6.16501],[106.74647,-6.1653],[106.74673,-6.16592],[106.74628,-6.16606],[106.74575,-6.16576],[106.74569,-6.1663],[106.74543,-6.1665],[106.74493,-6.16644],[106.74434,-6.16672],[106.74401,-6.16598],[106.74374,-6.16656],[106.74266,-6.16647],[106.74174,-6.16732],[106.7418,-6.16782],[106.74161,-6.1681],[106.74128,-6.16811],[106.74114,-6.16769],[106.74052,-6.16759],[106.74034,-6.16774],[106.74051,-6.16823],[106.74041,-6.16854],[106.74007,-6.16853],[106.73996,-6.16808],[106.7395,-6.16822],[106.73938,-6.16864],[106.73908,-6.16883],[106.73881,-6.16981],[106.73853,-6.16972],[106.73847,-6.16891],[106.73801,-6.16869],[106.73777,-6.16952],[106.73838,-6.17014],[106.73827,-6.17062],[106.7379,-6.1706],[106.73773,-6.16995],[106.73637,-6.17041],[106.73564,-6.16994],[106.73543,-6.17034],[106.73576,-6.17086],[106.73566,-6.17105],[106.73531,-6.17126],[106.73503,-6.171],[106.73456,-6.17119],[106.73432,-6.17175],[106.73354,-6.1715],[106.7326,-6.17266],[106.73201,-6.17282],[106.73161,-6.17388],[106.73197,-6.17427],[106.73086,-6.17508],[106.73095,-6.17606],[106.72993,-6.17558],[106.72954,-6.17588],[106.72891,-6.1758],[106.72838,-6.17617],[106.72881,-6.17994],[106.73019,-6.18544],[106.73079,-6.18565],[106.7315,-6.18559],[106.73346,-6.18477],[106.73803,-6.18483],[106.73988,-6.18284],[106.74151,-6.18233],[106.74287,-6.17989],[106.74366,-6.17923],[106.7441,-6.1778],[106.74454,-6.17718],[106.74562,-6.17637],[106.74792,-6.17625],[106.74861,-6.17332],[106.7492,-6.17339],[106.74959,-6.17317],[106.74925,-6.17225],[106.7499,-6.17211],[106.75036,-6.17142],[106.75095,-6.17107],[106.75085,-6.17054],[106.75186,-6.17012],[106.75223,-6.16921],[106.75184,-6.16858],[106.75278,-6.16827],[106.753,-6.16766],[106.75348,-6.16776],[106.75393,-6.16673],[106.75509,-6.16583]]]}},{"type":"Feature","properties":{"id":"31.73.08.1002","name":"Meruya Utara"},"geometry":{"type":"Polygon","coordinates":[[[106.75696,-6.1923],[106.75713,-6.1906],[106.73962,-6.19157],[106.73142,-6.19145],[106.72561,-6.19071],[106.72399,-6.19066],[106.72471,-6.1941],[106.72387,-6.19619],[106.72447,-6.19662],[106.7235,-6.19793],[106.72394,-6.1983],[106.72339,-6.19907],[106.72355,-6.20027],[106.72392,-6.20063],[106.72448,-6.20196],[106.72445,-6.20477],[106.72586,-6.20482],[106.72755,-6.20607],[106.72874,-6.20448],[106.7317,-6.20666],[106.73298,-6.205],[106.73348,-6.20551],[106.73395,-6.20545],[106.73462,-6.20506],[106.73569,-6.20504],[106.73809,-6.20411],[106.73863,-6.20366],[106.74098,-6.20063],[106.74224,-6.19807],[106.74406,-6.19752],[106.74524,-6.19764],[106.7491,-6.19723],[106.75305,-6.19752],[106.75589,-6.19672],[106.75749,-6.1972],[106.76146,-6.19921],[106.76288,-6.19839],[106.7625,-6.19726],[106.76168,-6.19619],[106.76136,-6.19614],[106.76076,-6.19694],[106.75992,-6.19621],[106.7598,-6.19542],[106.75778,-6.19361],[106.75696,-6.1923]]]}},{"type":"Feature","properties":{"id":"31.73.08.1003","name":"Meruya Selatan"},"geometry":{"type":"Polygon","coordinates":[[[106.74619,-6.19754],[106.74406,-6.19752],[106.74229,-6.19803],[106.74085,-6.20082],[106.73863,-6.20366],[106.73809,-6.20411],[106.73569,-6.20504],[106.73462,-6.20506],[106.73395,-6.20545],[106.73348,-6.20551],[106.73298,-6.205],[106.7317,-6.20666],[106.72874,-6.20448],[106.72755,-6.20607],[106.72586,-6.20482],[106.72445,-6.20477],[106.72438,-6.20786],[106.72388,-6.20785],[106.72383,-6.20853],[106.72357,-6.20853],[106.72338,-6.21115],[106.72309,-6.21231],[106.71991,-6.21217],[106.71995,-6.21287],[106.71964,-6.21372],[106.71969,-6.21414],[106.71921,-6.2145],[106.71895,-6.21573],[106.71915,-6.2159],[106.71973,-6.21592],[106.72358,-6.21575],[106.72529,-6.21527],[106.72634,-6.21553],[106.72804,-6.21549],[106.73206,-6.21501],[106.7377,-6.21481],[106.73751,-6.21622],[106.73997,-6.21622],[106.74058,-6.21604],[106.74535,-6.21346],[106.7439,-6.21072],[106.7437,-6.20982],[106.74397,-6.19937],[106.74434,-6.19904],[106.7459,-6.19905],[106.74618,-6.1987],[106.74619,-6.19754]]]}},{"type":"Feature","properties":{"id":"31.73.08.1004","name":"Srengseng"},"geometry":{"type":"Polygon","coordinates":[[[106.75784,-6.19737],[106.75589,-6.19672],[106.75305,-6.19752],[106.7491,-6.19723],[106.74619,-6.19754],[106.74618,-6.1987],[106.74603,-6.19898],[106.74408,-6.19915],[106.74377,-6.21041],[106.74535,-6.21346],[106.74586,-6.21323],[106.75018,-6.21354],[106.75418,-6.21358],[106.75708,-6.21183],[106.75795,-6.21327],[106.75788,-6.21798],[106.75929,-6.22077],[106.75933,-6.22123],[106.76014,-6.22132],[106.76037,-6.222],[106.76017,-6.22255],[106.7642,-6.22234],[106.76593,-6.22247],[106.7654,-6.22209],[106.76565,-6.22179],[106.76522,-6.22125],[106.76535,-6.21963],[106.76482,-6.2179],[106.76421,-6.21691],[106.76347,-6.2164],[106.76309,-6.21552],[106.76323,-6.21492],[106.76539,-6.213],[106.76616,-6.21159],[106.76595,-6.21041],[106.76547,-6.20931],[106.76529,-6.20906],[106.76466,-6.209],[106.76513,-6.20729],[106.76454,-6.2069],[106.76401,-6.20535],[106.7636,-6.20498],[106.76434,-6.20415],[106.7644,-6.20287],[106.7639,-6.20253],[106.76383,-6.20152],[106.76323,-6.20079],[106.76318,-6.19937],[106.76288,-6.19839],[106.76146,-6.19921],[106.75784,-6.19737]]]}},{"type":"Feature","properties":{"id":"31.73.08.1005","name":"Joglo"},"geometry":{"type":"Polygon","coordinates":[[[106.75795,-6.21351],[106.75708,-6.21183],[106.75418,-6.21358],[106.75018,-6.21354],[106.74586,-6.21323],[106.74058,-6.21604],[106.73997,-6.21622],[106.73751,-6.21622],[106.7377,-6.21481],[106.73206,-6.21501],[106.72804,-6.21549],[106.72634,-6.21553],[106.72529,-6.21527],[106.72358,-6.21575],[106.71973,-6.21592],[106.71915,-6.2159],[106.71896,-6.21572],[106.71874,-6.21714],[106.71894,-6.21722],[106.71884,-6.21857],[106.7183,-6.2186],[106.71783,-6.22019],[106.71794,-6.22165],[106.71818,-6.22183],[106.71809,-6.22304],[106.71987,-6.22309],[106.72017,-6.22423],[106.72698,-6.22434],[106.73208,-6.22392],[106.73744,-6.22388],[106.7386,-6.22361],[106.74309,-6.22327],[106.74438,-6.22292],[106.74506,-6.22327],[106.74992,-6.22272],[106.75068,-6.22273],[106.75077,-6.22291],[106.75793,-6.22298],[106.7584,-6.22292],[106.7584,-6.22256],[106.76014,-6.22257],[106.76037,-6.222],[106.76014,-6.22132],[106.75933,-6.22123],[106.75929,-6.22077],[106.75788,-6.21797],[106.75795,-6.21351]]]}},{"type":"Feature","properties":{"id":"31.73.08.1006","name":"Kembangan Selatan"},"geometry":{"type":"Polygon","coordinates":[[[106.74976,-6.17512],[106.74959,-6.17317],[106.7492,-6.17339],[106.74861,-6.17332],[106.74792,-6.17625],[106.74562,-6.17637],[106.74454,-6.17718],[106.7441,-6.1778],[106.74366,-6.17923],[106.74287,-6.17989],[106.74163,-6.18222],[106.73988,-6.18284],[106.73803,-6.18483],[106.73346,-6.18477],[106.7315,-6.18559],[106.73079,-6.18565],[106.73019,-6.18544],[106.72881,-6.17994],[106.72838,-6.17617],[106.72774,-6.17665],[106.72765,-6.17738],[106.72676,-6.17758],[106.72663,-6.17819],[106.72599,-6.17857],[106.72456,-6.181],[106.72399,-6.18248],[106.72443,-6.18334],[106.72436,-6.18368],[106.72396,-6.18396],[106.72344,-6.1836],[106.72294,-6.18424],[106.72314,-6.1847],[106.72437,-6.18496],[106.72441,-6.18532],[106.72414,-6.18589],[106.7227,-6.18559],[106.72226,-6.18651],[106.72137,-6.18706],[106.7209,-6.18684],[106.71887,-6.18782],[106.71795,-6.18776],[106.71747,-6.18833],[106.71724,-6.18903],[106.71684,-6.18921],[106.71677,-6.18975],[106.71631,-6.18986],[106.71591,-6.19022],[106.7149,-6.18993],[106.71483,-6.19162],[106.71388,-6.19109],[106.71344,-6.19177],[106.71589,-6.19266],[106.71622,-6.19263],[106.7163,-6.19227],[106.71678,-6.19233],[106.71694,-6.19253],[106.71784,-6.19254],[106.71803,-6.19276],[106.71963,-6.1919],[106.71988,-6.19251],[106.72023,-6.19246],[106.72098,-6.19178],[106.72198,-6.19145],[106.72354,-6.19197],[106.72413,-6.19179],[106.7242,-6.19191],[106.72399,-6.19066],[106.72425,-6.19065],[106.73142,-6.19145],[106.73962,-6.19157],[106.75713,-6.1906],[106.75716,-6.19018],[106.75792,-6.18876],[106.75787,-6.18822],[106.75811,-6.18762],[106.75779,-6.1874],[106.75738,-6.18755],[106.75711,-6.18742],[106.75668,-6.18634],[106.75688,-6.18554],[106.75648,-6.185],[106.75653,-6.18449],[106.755,-6.18409],[106.75406,-6.18453],[106.75214,-6.18306],[106.75139,-6.18186],[106.75067,-6.18136],[106.75001,-6.18059],[106.75057,-6.1801],[106.75055,-6.17929],[106.7513,-6.17763],[106.75109,-6.17724],[106.7506,-6.17751],[106.75031,-6.17709],[106.74986,-6.1771],[106.74976,-6.17637],[106.74939,-6.17599],[106.74976,-6.17512]]]}},{"type":"Feature","properties":{"id":"31.74.01.1001","name":"Tebet Timur"},"geometry":{"type":"Polygon","coordinates":[[[106.85843,-6.22546],[106.8558,-6.22518],[106.85187,-6.22426],[106.85182,-6.22442],[106.8523,-6.2272],[106.85218,-6.22973],[106.8523,-6.23125],[106.85317,-6.23655],[106.85239,-6.23889],[106.85242,-6.24002],[106.85293,-6.2413],[106.85362,-6.24203],[106.85389,-6.24317],[106.85868,-6.24316],[106.85843,-6.22546]]]}},{"type":"Feature","properties":{"id":"31.74.01.1002","name":"Tebet Barat"},"geometry":{"type":"Polygon","coordinates":[[[106.85202,-6.22383],[106.85083,-6.2238],[106.85075,-6.22417],[106.84747,-6.22428],[106.8475,-6.22708],[106.84711,-6.23006],[106.84664,-6.23076],[106.84493,-6.23238],[106.84425,-6.23395],[106.84432,-6.23702],[106.84476,-6.23818],[106.84545,-6.23925],[106.84548,-6.23976],[106.84352,-6.24331],[106.84631,-6.24347],[106.85389,-6.24317],[106.85362,-6.24203],[106.85293,-6.2413],[106.85242,-6.24002],[106.85239,-6.23889],[106.85317,-6.23655],[106.8523,-6.23125],[106.85218,-6.22973],[106.8523,-6.2272],[106.85181,-6.2248],[106.85202,-6.22383]]]}},{"type":"Feature","properties":{"id":"31.74.01.1003","name":"Menteng Dalam"},"geometry":{"type":"Polygon","coordinates":[[[106.84755,-6.22332],[106.84614,-6.2209],[106.84529,-6.22145],[106.83855,-6.22152],[106.83855,-6.22226],[106.83779,-6.22268],[106.83878,-6.2252],[106.83508,-6.22562],[106.83572,-6.22789],[106.83594,-6.22806],[106.8368,-6.23026],[106.83635,-6.23602],[106.83566,-6.23773],[106.83521,-6.23796],[106.83506,-6.23826],[106.83464,-6.24089],[106.84096,-6.24239],[106.84352,-6.24331],[106.84488,-6.24103],[106.8455,-6.2396],[106.8443,-6.2369],[106.84429,-6.23372],[106.84493,-6.23238],[106.84689,-6.23047],[106.84731,-6.22901],[106.84755,-6.22332]]]}},{"type":"Feature","properties":{"id":"31.74.01.1004","name":"Kebon Baru"},"geometry":{"type":"Polygon","coordinates":[[[106.86475,-6.22701],[106.86365,-6.22506],[106.85843,-6.22546],[106.85868,-6.24316],[106.86251,-6.24312],[106.86252,-6.24129],[106.86289,-6.23942],[106.86358,-6.2375],[106.86417,-6.23699],[106.86481,-6.23678],[106.8653,-6.23685],[106.86608,-6.23879],[106.86653,-6.23926],[106.86687,-6.23898],[106.86691,-6.23823],[106.86642,-6.23681],[106.86542,-6.23566],[106.8652,-6.23514],[106.86537,-6.23483],[106.86601,-6.23492],[106.86634,-6.23475],[106.86632,-6.23407],[106.8652,-6.23241],[106.86352,-6.23132],[106.86331,-6.23088],[106.86371,-6.22996],[106.86469,-6.22887],[106.86486,-6.22832],[106.86475,-6.22701]]]}},{"type":"Feature","properties":{"id":"31.74.01.1005","name":"Bukit Duri"},"geometry":{"type":"Polygon","coordinates":[[[106.85718,-6.21754],[106.8563,-6.21651],[106.85659,-6.21521],[106.85636,-6.21512],[106.85266,-6.21904],[106.85255,-6.22105],[106.85191,-6.2243],[106.85608,-6.22523],[106.85928,-6.22547],[106.86365,-6.22506],[106.8638,-6.22459],[106.86493,-6.2245],[106.86528,-6.22427],[106.86543,-6.22388],[106.86531,-6.22335],[106.86363,-6.22122],[106.86294,-6.21967],[106.86192,-6.21972],[106.86153,-6.22005],[106.86144,-6.22044],[106.86181,-6.22119],[106.86159,-6.22162],[106.86077,-6.22179],[106.86007,-6.22132],[106.86131,-6.219],[106.86231,-6.2177],[106.8635,-6.2166],[106.86349,-6.21625],[106.86265,-6.21618],[106.86076,-6.21723],[106.86023,-6.21733],[106.85866,-6.21629],[106.85781,-6.21754],[106.85718,-6.21754]]]}},{"type":"Feature","properties":{"id":"31.74.01.1006","name":"Manggarai Selatan"},"geometry":{"type":"Polygon","coordinates":[[[106.84567,-6.21565],[106.84403,-6.21486],[106.84391,-6.21584],[106.84601,-6.22066],[106.84754,-6.22328],[106.84747,-6.22428],[106.85075,-6.22417],[106.85083,-6.2238],[106.85202,-6.22379],[106.85255,-6.22105],[106.85266,-6.21904],[106.85138,-6.21909],[106.85081,-6.21861],[106.85085,-6.21845],[106.84962,-6.21826],[106.84969,-6.2173],[106.84868,-6.21642],[106.84842,-6.21679],[106.84763,-6.21634],[106.84759,-6.21649],[106.84695,-6.21632],[106.84663,-6.21615],[106.84675,-6.21586],[106.84606,-6.21555],[106.84578,-6.21548],[106.84567,-6.21565]]]}},{"type":"Feature","properties":{"id":"31.74.01.1007","name":"Manggarai"},"geometry":{"type":"Polygon","coordinates":[[[106.84957,-6.20775],[106.84872,-6.20764],[106.84781,-6.20829],[106.84793,-6.2085],[106.84733,-6.20997],[106.84403,-6.21486],[106.84567,-6.21565],[106.84578,-6.21548],[106.84675,-6.21586],[106.84663,-6.21615],[106.84695,-6.21632],[106.84759,-6.21649],[106.84763,-6.21634],[106.84842,-6.21679],[106.84868,-6.21642],[106.84969,-6.2173],[106.84962,-6.21826],[106.85085,-6.21845],[106.85081,-6.21861],[106.85138,-6.21909],[106.85255,-6.21909],[106.8532,-6.21863],[106.85636,-6.21512],[106.85659,-6.21521],[106.85734,-6.21389],[106.85814,-6.21374],[106.85831,-6.21347],[106.85765,-6.21245],[106.85705,-6.2119],[106.85443,-6.21111],[106.85414,-6.21067],[106.853,-6.20975],[106.85101,-6.20896],[106.84957,-6.20775]]]}},{"type":"Feature","properties":{"id":"31.74.02.1001","name":"Setia Budi"},"geometry":{"type":"Polygon","coordinates":[[[106.83052,-6.2113],[106.83007,-6.20833],[106.82818,-6.20482],[106.828,-6.20386],[106.82275,-6.20267],[106.82197,-6.20809],[106.82165,-6.20915],[106.82269,-6.21033],[106.82405,-6.21127],[106.82455,-6.21051],[106.82569,-6.21102],[106.82588,-6.21071],[106.82779,-6.21093],[106.82776,-6.21119],[106.83052,-6.2113]]]}},{"type":"Feature","properties":{"id":"31.74.02.1002","name":"Karet Semanggi"},"geometry":{"type":"Polygon","coordinates":[[[106.8199,-6.21965],[106.81834,-6.21466],[106.81243,-6.21939],[106.82076,-6.2317],[106.82172,-6.23109],[106.82141,-6.23062],[106.82143,-6.22496],[106.82084,-6.22219],[106.82102,-6.22203],[106.82074,-6.22158],[106.82086,-6.2214],[106.8199,-6.21965]]]}},{"type":"Feature","properties":{"id":"31.74.02.1003","name":"Karet Kuningan"},"geometry":{"type":"Polygon","coordinates":[[[106.82769,-6.21583],[106.82821,-6.21543],[106.8281,-6.21529],[106.82719,-6.21597],[106.8256,-6.21619],[106.8222,-6.21616],[106.82198,-6.2158],[106.82123,-6.21616],[106.81888,-6.21636],[106.81985,-6.21953],[106.82086,-6.2214],[106.82074,-6.22158],[106.82102,-6.22203],[106.82084,-6.22219],[106.82147,-6.22548],[106.82584,-6.22518],[106.82571,-6.22413],[106.83167,-6.22583],[106.83334,-6.22588],[106.83508,-6.22562],[106.83507,-6.22537],[106.83543,-6.22523],[106.83534,-6.22427],[106.83588,-6.22187],[106.83565,-6.22046],[106.83521,-6.21941],[106.83594,-6.2182],[106.83567,-6.21737],[106.836,-6.21628],[106.83391,-6.21607],[106.83218,-6.21635],[106.83218,-6.21692],[106.83101,-6.21724],[106.83063,-6.21693],[106.82957,-6.21702],[106.82956,-6.21625],[106.8277,-6.2161],[106.82769,-6.21583]]]}},{"type":"Feature","properties":{"id":"31.74.02.1004","name":"Karet"},"geometry":{"type":"Polygon","coordinates":[[[106.82404,-6.21127],[106.82277,-6.21041],[106.8218,-6.20928],[106.82165,-6.20915],[106.81978,-6.2129],[106.81835,-6.21466],[106.81881,-6.21639],[106.82123,-6.21616],[106.82198,-6.2158],[106.8222,-6.21616],[106.8256,-6.21619],[106.82719,-6.21597],[106.8281,-6.21529],[106.82821,-6.21543],[106.82769,-6.21583],[106.8277,-6.2161],[106.82956,-6.21625],[106.82957,-6.21702],[106.83063,-6.21693],[106.83101,-6.21724],[106.83218,-6.21692],[106.83218,-6.21635],[106.83391,-6.21607],[106.836,-6.21628],[106.83626,-6.21517],[106.83602,-6.21399],[106.83437,-6.21294],[106.83165,-6.21197],[106.83104,-6.21153],[106.83079,-6.21105],[106.83051,-6.2111],[106.83052,-6.2113],[106.82917,-6.2113],[106.82776,-6.21119],[106.82779,-6.21093],[106.82588,-6.21071],[106.82569,-6.21102],[106.82455,-6.21051],[106.82404,-6.21127]]]}},{"type":"Feature","properties":{"id":"31.74.02.1005","name":"Menteng Atas"},"geometry":{"type":"Polygon","coordinates":[[[106.83804,-6.21067],[106.83719,-6.21024],[106.83462,-6.21306],[106.83602,-6.21399],[106.83626,-6.21517],[106.83567,-6.21729],[106.83594,-6.2182],[106.83521,-6.21941],[106.83565,-6.22046],[106.83588,-6.22187],[106.83534,-6.22427],[106.83543,-6.22523],[106.83507,-6.22537],[106.83508,-6.22562],[106.83878,-6.2252],[106.83779,-6.22268],[106.83855,-6.22226],[106.83855,-6.22152],[106.84529,-6.22145],[106.84614,-6.2209],[106.84391,-6.21584],[106.84402,-6.21489],[106.84307,-6.21455],[106.84289,-6.21417],[106.83805,-6.21376],[106.83804,-6.21067]]]}},{"type":"Feature","properties":{"id":"31.74.02.1006","name":"Pasar Manggis"},"geometry":{"type":"Polygon","coordinates":[[[106.84665,-6.20864],[106.83867,-6.20589],[106.83816,-6.20721],[106.83481,-6.21102],[106.83583,-6.21186],[106.83719,-6.21024],[106.83804,-6.21067],[106.83805,-6.21376],[106.84289,-6.21417],[106.84307,-6.21455],[106.84402,-6.21489],[106.84724,-6.21012],[106.84793,-6.2085],[106.84779,-6.20825],[106.84726,-6.20858],[106.84665,-6.20864]]]}},{"type":"Feature","properties":{"id":"31.74.02.1007","name":"Guntur"},"geometry":{"type":"Polygon","coordinates":[[[106.83481,-6.21102],[106.83816,-6.20721],[106.83867,-6.20589],[106.83676,-6.20531],[106.83127,-6.20455],[106.828,-6.20386],[106.82818,-6.20482],[106.83007,-6.20833],[106.83051,-6.2111],[106.83079,-6.21105],[106.8311,-6.21159],[106.83201,-6.21216],[106.83462,-6.21306],[106.83573,-6.2119],[106.83481,-6.21102]]]}},{"type":"Feature","properties":{"id":"31.74.02.1008","name":"Kuningan Timur"},"geometry":{"type":"Polygon","coordinates":[[[106.83033,-6.22548],[106.82571,-6.22413],[106.82584,-6.22518],[106.82147,-6.22548],[106.82141,-6.23062],[106.82172,-6.23109],[106.82076,-6.2317],[106.82221,-6.23337],[106.82538,-6.23558],[106.83267,-6.24019],[106.83464,-6.24089],[106.83506,-6.23826],[106.83521,-6.23796],[106.83566,-6.23773],[106.83635,-6.23602],[106.83679,-6.22994],[106.83572,-6.22789],[106.83508,-6.22562],[106.83253,-6.22589],[106.83033,-6.22548]]]}},{"type":"Feature","properties":{"id":"31.74.03.1001","name":"Mampang Prapatan"},"geometry":{"type":"Polygon","coordinates":[[[106.83464,-6.24089],[106.83223,-6.23998],[106.83105,-6.24014],[106.82435,-6.24007],[106.82115,-6.2405],[106.82146,-6.24079],[106.8217,-6.24145],[106.82137,-6.24167],[106.82143,-6.24188],[106.82272,-6.24247],[106.8231,-6.24237],[106.82348,-6.24298],[106.8232,-6.24335],[106.82354,-6.24357],[106.82341,-6.2449],[106.82311,-6.24532],[106.82267,-6.24537],[106.82265,-6.24561],[106.82581,-6.2456],[106.83422,-6.24505],[106.83475,-6.24514],[106.83473,-6.24541],[106.8354,-6.24538],[106.83514,-6.24212],[106.83527,-6.2414],[106.83459,-6.24121],[106.83464,-6.24089]]]}},{"type":"Feature","properties":{"id":"31.74.03.1002","name":"Bangka"},"geometry":{"type":"Polygon","coordinates":[[[106.81111,-6.25474],[106.81115,-6.25408],[106.81107,-6.25381],[106.81089,-6.25382],[106.81081,-6.25469],[106.80858,-6.25475],[106.8083,-6.25555],[106.80865,-6.25619],[106.80912,-6.25644],[106.80895,-6.25688],[106.80917,-6.25709],[106.80904,-6.25744],[106.80935,-6.25775],[106.80953,-6.25877],[106.81006,-6.2589],[106.81019,-6.25925],[106.81067,-6.25924],[106.81029,-6.25963],[106.81047,-6.26015],[106.81086,-6.26023],[106.81092,-6.26062],[106.81131,-6.26045],[106.8114,-6.26058],[106.81169,-6.26128],[106.81143,-6.26168],[106.81178,-6.26176],[106.81207,-6.2623],[106.81152,-6.26264],[106.81187,-6.26311],[106.81172,-6.26349],[106.81226,-6.26373],[106.81255,-6.26495],[106.8132,-6.26571],[106.81293,-6.26705],[106.81259,-6.26724],[106.81215,-6.26829],[106.81206,-6.26868],[106.81226,-6.26903],[106.81173,-6.26957],[106.81153,-6.27034],[106.81263,-6.27164],[106.8132,-6.27202],[106.81384,-6.27214],[106.81391,-6.27304],[106.81514,-6.27291],[106.821,-6.27428],[106.82175,-6.27164],[106.82298,-6.27145],[106.82376,-6.27072],[106.82392,-6.27114],[106.8252,-6.27135],[106.82526,-6.27107],[106.82468,-6.27072],[106.82458,-6.27018],[106.82481,-6.26976],[106.82468,-6.26955],[106.82556,-6.26865],[106.8256,-6.26811],[106.82537,-6.26765],[106.82608,-6.26701],[106.82649,-6.26616],[106.82735,-6.26646],[106.82764,-6.26559],[106.82658,-6.26552],[106.82629,-6.26489],[106.82631,-6.26365],[106.82582,-6.26118],[106.82457,-6.26039],[106.82496,-6.25974],[106.82611,-6.25971],[106.82635,-6.25933],[106.82628,-6.25872],[106.8248,-6.25808],[106.82472,-6.25591],[106.82523,-6.25516],[106.82527,-6.2547],[106.82433,-6.25456],[106.82385,-6.25384],[106.82338,-6.25394],[106.82335,-6.25426],[106.82159,-6.25443],[106.81456,-6.25459],[106.81177,-6.25489],[106.81171,-6.25459],[106.81125,-6.25446],[106.81111,-6.25474]]]}},{"type":"Feature","properties":{"id":"31.74.03.1003","name":"Pela Mampang"},"geometry":{"type":"Polygon","coordinates":[[[106.82115,-6.2405],[106.82018,-6.24042],[106.81775,-6.2389],[106.81649,-6.24091],[106.81616,-6.24089],[106.81583,-6.24138],[106.81581,-6.24155],[106.81606,-6.24169],[106.81603,-6.24212],[106.81565,-6.24242],[106.81562,-6.24313],[106.81513,-6.24283],[106.81475,-6.24299],[106.81457,-6.24401],[106.81381,-6.24483],[106.81373,-6.24549],[106.81309,-6.24566],[106.81302,-6.24608],[106.8127,-6.24631],[106.81257,-6.24672],[106.81202,-6.24681],[106.81188,-6.24724],[106.81152,-6.24719],[106.81075,-6.24774],[106.80967,-6.24888],[106.8096,-6.2492],[106.81006,-6.2503],[106.81045,-6.25051],[106.80954,-6.25139],[106.80893,-6.25238],[106.80918,-6.25286],[106.8086,-6.25324],[106.80858,-6.25475],[106.81081,-6.2547],[106.81089,-6.25382],[106.81107,-6.25381],[106.81111,-6.25474],[106.81137,-6.25444],[106.8114,-6.25461],[106.81171,-6.25459],[106.81177,-6.25489],[106.81456,-6.2546],[106.82159,-6.25443],[106.82342,-6.2542],[106.82323,-6.25388],[106.82333,-6.25349],[106.82301,-6.2532],[106.82321,-6.25303],[106.82368,-6.25313],[106.82352,-6.25235],[106.82392,-6.25195],[106.82385,-6.24971],[106.82338,-6.24858],[106.82252,-6.24771],[106.82226,-6.24658],[106.82267,-6.24537],[106.82311,-6.24532],[106.82341,-6.2449],[106.82354,-6.24357],[106.8232,-6.24335],[106.82348,-6.24298],[106.8231,-6.24237],[106.82272,-6.24247],[106.82149,-6.24194],[106.82137,-6.24167],[106.82171,-6.24149],[106.82146,-6.24079],[106.82115,-6.2405]],[[106.82353,-6.25029],[106.82352,-6.25029],[106.82352,-6.2503],[106.82353,-6.25029]],[[106.82352,-6.2503],[106.82352,-6.25031],[106.82352,-6.25031],[106.82352,-6.2503]]]}},{"type":"Feature","properties":{"id":"31.74.03.1004","name":"Tegal Parang"},"geometry":{"type":"Polygon","coordinates":[[[106.83475,-6.24514],[106.82581,-6.2456],[106.82265,-6.24561],[106.82226,-6.24658],[106.82252,-6.24771],[106.82338,-6.24858],[106.82385,-6.24971],[106.82392,-6.25195],[106.82352,-6.25235],[106.82368,-6.25313],[106.82709,-6.25284],[106.82703,-6.25238],[106.83572,-6.25179],[106.83574,-6.25053],[106.83519,-6.24868],[106.83551,-6.24642],[106.8354,-6.24538],[106.83473,-6.24541],[106.83475,-6.24514]]]}},{"type":"Feature","properties":{"id":"31.74.03.1005","name":"Kuningan Barat"},"geometry":{"type":"Polygon","coordinates":[[[106.82076,-6.2317],[106.81708,-6.22631],[106.81674,-6.22656],[106.81675,-6.22686],[106.81714,-6.22723],[106.81664,-6.22758],[106.81656,-6.228],[106.81712,-6.22906],[106.81729,-6.22986],[106.81687,-6.23109],[106.81681,-6.23196],[106.8174,-6.23217],[106.81746,-6.23269],[106.8178,-6.2331],[106.81751,-6.23379],[106.81777,-6.23437],[106.81784,-6.23539],[106.81855,-6.23594],[106.81829,-6.23617],[106.81775,-6.2389],[106.82059,-6.24056],[106.82425,-6.24008],[106.83105,-6.24014],[106.83234,-6.23999],[106.82298,-6.23395],[106.82187,-6.23306],[106.82076,-6.2317]]]}},{"type":"Feature","properties":{"id":"31.74.04.1001","name":"Pasar Minggu"},"geometry":{"type":"Polygon","coordinates":[[[106.84069,-6.27624],[106.83977,-6.27911],[106.83947,-6.27922],[106.83893,-6.28024],[106.83865,-6.28039],[106.83769,-6.28522],[106.83783,-6.28532],[106.83659,-6.28873],[106.83565,-6.28885],[106.83544,-6.28914],[106.8351,-6.29014],[106.83508,-6.29135],[106.83384,-6.29139],[106.8338,-6.29168],[106.8335,-6.29181],[106.83355,-6.29266],[106.83438,-6.29257],[106.83451,-6.29278],[106.83511,-6.29293],[106.83469,-6.29447],[106.8344,-6.29758],[106.83389,-6.29768],[106.83383,-6.29841],[106.83329,-6.29845],[106.83286,-6.29933],[106.83654,-6.30173],[106.83823,-6.30253],[106.83978,-6.30302],[106.84042,-6.29744],[106.84098,-6.29484],[106.84194,-6.29364],[106.84309,-6.29167],[106.84354,-6.29048],[106.84357,-6.28776],[106.84546,-6.27867],[106.84235,-6.27791],[106.84192,-6.27742],[106.84151,-6.27634],[106.84069,-6.27624]]]}},{"type":"Feature","properties":{"id":"31.74.04.1002","name":"Jati Padang"},"geometry":{"type":"Polygon","coordinates":[[[106.83191,-6.27858],[106.82956,-6.27962],[106.82898,-6.27948],[106.82723,-6.28278],[106.82578,-6.28665],[106.82241,-6.29388],[106.82501,-6.29496],[106.83089,-6.29807],[106.83286,-6.29933],[106.83329,-6.29845],[106.83383,-6.29841],[106.83389,-6.29768],[106.8344,-6.29758],[106.83469,-6.29447],[106.83511,-6.29293],[106.83451,-6.29278],[106.83438,-6.29257],[106.83355,-6.29266],[106.8335,-6.29181],[106.8338,-6.29168],[106.83384,-6.29139],[106.83508,-6.29135],[106.8351,-6.29014],[106.83544,-6.28914],[106.83565,-6.28885],[106.83659,-6.28873],[106.83783,-6.28532],[106.83769,-6.28522],[106.83865,-6.28039],[106.83893,-6.28024],[106.83947,-6.27922],[106.83462,-6.2798],[106.83191,-6.27858]]]}},{"type":"Feature","properties":{"id":"31.74.04.1003","name":"Cilandak Timur"},"geometry":{"type":"Polygon","coordinates":[[[106.81516,-6.27293],[106.81391,-6.27305],[106.81381,-6.27381],[106.81421,-6.27516],[106.81402,-6.27593],[106.81344,-6.27593],[106.81294,-6.27633],[106.81299,-6.27691],[106.8127,-6.27835],[106.81232,-6.2785],[106.81192,-6.27918],[106.81141,-6.27916],[106.81077,-6.27965],[106.8105,-6.2809],[106.80935,-6.2822],[106.8093,-6.28284],[106.80962,-6.28337],[106.80936,-6.28395],[106.80964,-6.28442],[106.80976,-6.28587],[106.80916,-6.28594],[106.80903,-6.28689],[106.80848,-6.28749],[106.80866,-6.28903],[106.80828,-6.28992],[106.80799,-6.29019],[106.80728,-6.29009],[106.80711,-6.29042],[106.80624,-6.29076],[106.80581,-6.2914],[106.80551,-6.2927],[106.80501,-6.29325],[106.80507,-6.29375],[106.80536,-6.29423],[106.8062,-6.29446],[106.80647,-6.29518],[106.80689,-6.29565],[106.80677,-6.29593],[106.80561,-6.29669],[106.80533,-6.29772],[106.80501,-6.2981],[106.80522,-6.29845],[106.80601,-6.29849],[106.8061,-6.3004],[106.80693,-6.302],[106.80707,-6.30278],[106.80761,-6.30323],[106.80819,-6.30319],[106.80841,-6.30375],[106.80886,-6.30404],[106.80893,-6.30463],[106.80922,-6.30504],[106.80915,-6.3056],[106.80844,-6.30571],[106.80871,-6.30654],[106.80824,-6.30688],[106.80855,-6.3082],[106.80732,-6.30871],[106.80701,-6.30867],[106.80683,-6.30909],[106.80733,-6.30933],[106.80777,-6.30927],[106.80854,-6.31046],[106.80838,-6.31087],[106.80797,-6.31105],[106.80912,-6.31169],[106.80961,-6.31099],[106.80991,-6.31087],[106.81372,-6.31078],[106.81401,-6.3051],[106.81472,-6.29928],[106.81643,-6.29282],[106.81837,-6.28821],[106.82038,-6.27721],[106.81828,-6.27683],[106.81824,-6.27661],[106.81721,-6.27643],[106.81756,-6.27557],[106.81793,-6.27354],[106.81516,-6.27293]]]}},{"type":"Feature","properties":{"id":"31.74.04.1004","name":"Ragunan"},"geometry":{"type":"Polygon","coordinates":[[[106.8271,-6.3088],[106.82764,-6.30729],[106.82768,-6.30645],[106.82628,-6.30183],[106.82622,-6.29749],[106.82632,-6.2971],[106.8275,-6.29627],[106.8246,-6.29475],[106.82241,-6.29388],[106.82578,-6.28665],[106.82723,-6.28278],[106.82898,-6.27948],[106.82756,-6.27769],[106.82574,-6.27739],[106.82458,-6.27676],[106.82297,-6.27654],[106.82065,-6.27582],[106.81837,-6.28821],[106.81643,-6.29282],[106.81475,-6.29914],[106.81401,-6.3051],[106.81367,-6.31064],[106.81372,-6.31078],[106.81457,-6.31082],[106.81618,-6.31071],[106.8164,-6.31519],[106.81629,-6.31603],[106.81656,-6.3161],[106.81637,-6.31685],[106.81752,-6.31719],[106.81819,-6.31709],[106.82092,-6.31754],[106.82343,-6.31736],[106.82368,-6.31742],[106.82371,-6.31776],[106.82479,-6.31782],[106.82581,-6.31137],[106.82663,-6.31134],[106.8271,-6.3088]]]}},{"type":"Feature","properties":{"id":"31.74.04.1005","name":"Pejaten Timur"},"geometry":{"type":"Polygon","coordinates":[[[106.84999,-6.26682],[106.85211,-6.26215],[106.85185,-6.26208],[106.84324,-6.26258],[106.84349,-6.26457],[106.84631,-6.26959],[106.84653,-6.27083],[106.84647,-6.27373],[106.84357,-6.28776],[106.84354,-6.29048],[106.84309,-6.29167],[106.84167,-6.29407],[106.84127,-6.29462],[106.84108,-6.29453],[106.84085,-6.29528],[106.84361,-6.29605],[106.84465,-6.29687],[106.84896,-6.29776],[106.84981,-6.29759],[106.84988,-6.29776],[106.85035,-6.29767],[106.85116,-6.29793],[106.85216,-6.29784],[106.85044,-6.29673],[106.85027,-6.29635],[106.85056,-6.29589],[106.8517,-6.2956],[106.8529,-6.29577],[106.85402,-6.29621],[106.85433,-6.29606],[106.85438,-6.29441],[106.8541,-6.29381],[106.85362,-6.29371],[106.85313,-6.29398],[106.85248,-6.29472],[106.85222,-6.29455],[106.85259,-6.2936],[106.85431,-6.29159],[106.85455,-6.29053],[106.85419,-6.29022],[106.85386,-6.29024],[106.85259,-6.29094],[106.85182,-6.29112],[106.8515,-6.29244],[106.85119,-6.29296],[106.85016,-6.29262],[106.84939,-6.29035],[106.85086,-6.28971],[106.85125,-6.28839],[106.85046,-6.28789],[106.85016,-6.28798],[106.84983,-6.28845],[106.84937,-6.28856],[106.84833,-6.288],[106.84747,-6.28667],[106.84735,-6.28559],[106.84773,-6.2848],[106.84869,-6.28394],[106.84885,-6.28355],[106.84864,-6.28335],[106.84779,-6.28341],[106.84765,-6.28282],[106.84943,-6.28053],[106.85023,-6.28001],[106.8504,-6.27964],[106.8494,-6.27961],[106.84769,-6.28001],[106.84694,-6.27945],[106.84681,-6.27895],[106.84852,-6.27761],[106.84935,-6.27654],[106.85063,-6.27675],[106.85157,-6.27636],[106.85189,-6.2758],[106.85198,-6.27515],[106.85132,-6.27395],[106.85133,-6.2736],[106.85187,-6.2732],[106.85336,-6.2733],[106.85366,-6.2719],[106.85437,-6.27192],[106.85562,-6.27263],[106.85657,-6.27273],[106.85679,-6.27246],[106.85646,-6.27164],[106.85489,-6.27052],[106.85485,-6.26985],[106.85515,-6.26958],[106.85605,-6.27056],[106.85631,-6.27058],[106.85658,-6.27029],[106.85582,-6.26851],[106.85545,-6.26669],[106.84999,-6.26682]]]}},{"type":"Feature","properties":{"id":"31.74.04.1006","name":"Pejaten Barat"},"geometry":{"type":"Polygon","coordinates":[[[106.82794,-6.26645],[106.82764,-6.26559],[106.82735,-6.26646],[106.82649,-6.26617],[106.82603,-6.26709],[106.8254,-6.2676],[106.8256,-6.26812],[106.82556,-6.26866],[106.82468,-6.26956],[106.82481,-6.26976],[106.82458,-6.27018],[106.82468,-6.27073],[106.82526,-6.27107],[106.8252,-6.27135],[106.82392,-6.27114],[106.82376,-6.27073],[106.82298,-6.27145],[106.82175,-6.27165],[106.82099,-6.27429],[106.81793,-6.27354],[106.81756,-6.27557],[106.81721,-6.27643],[106.81824,-6.27661],[106.81828,-6.27683],[106.82038,-6.27721],[106.82065,-6.27582],[106.82297,-6.27654],[106.82452,-6.27674],[106.82574,-6.27739],[106.82759,-6.27771],[106.82822,-6.27869],[106.82889,-6.27942],[106.82935,-6.27964],[106.8319,-6.27858],[106.83462,-6.2798],[106.83959,-6.27922],[106.84008,-6.27834],[106.84068,-6.27624],[106.84151,-6.27634],[106.84192,-6.27742],[106.84235,-6.27791],[106.84544,-6.27867],[106.84646,-6.2738],[106.84649,-6.27048],[106.84601,-6.26884],[106.84422,-6.26599],[106.8421,-6.26616],[106.83484,-6.26597],[106.83494,-6.26846],[106.83286,-6.26848],[106.83285,-6.26823],[106.83209,-6.26835],[106.83291,-6.26896],[106.83249,-6.26932],[106.83271,-6.26979],[106.83239,-6.27019],[106.83212,-6.27105],[106.83235,-6.27123],[106.83243,-6.27195],[106.83215,-6.27306],[106.83245,-6.27355],[106.83233,-6.27407],[106.83263,-6.27442],[106.83058,-6.27489],[106.82871,-6.27493],[106.82876,-6.2746],[106.82912,-6.27427],[106.82865,-6.27319],[106.82892,-6.27287],[106.82874,-6.27263],[106.82888,-6.27233],[106.82861,-6.27194],[106.82883,-6.27149],[106.82866,-6.27084],[106.82894,-6.27054],[106.82878,-6.27024],[106.82913,-6.26947],[106.82845,-6.26816],[106.8285,-6.26754],[106.82828,-6.26679],[106.82794,-6.26645]]]}},{"type":"Feature","properties":{"id":"31.74.04.1007","name":"Kebagusan"},"geometry":{"type":"Polygon","coordinates":[[[106.83647,-6.30168],[106.83089,-6.29807],[106.8275,-6.29627],[106.82627,-6.29717],[106.82627,-6.30179],[106.82764,-6.30613],[106.82768,-6.30671],[106.82764,-6.30729],[106.82712,-6.30863],[106.82663,-6.31134],[106.82643,-6.31145],[106.82591,-6.31129],[106.8258,-6.31142],[106.8248,-6.31782],[106.82498,-6.31812],[106.82513,-6.31982],[106.82539,-6.32006],[106.82528,-6.32151],[106.82708,-6.32188],[106.82843,-6.32184],[106.82914,-6.32204],[106.82938,-6.32121],[106.8303,-6.32118],[106.83197,-6.32145],[106.8339,-6.31832],[106.83423,-6.3181],[106.83522,-6.31838],[106.83535,-6.31735],[106.83591,-6.3162],[106.83731,-6.30572],[106.83714,-6.30318],[106.83673,-6.30256],[106.83647,-6.30168]]]}},{"type":"Feature","properties":{"id":"31.74.05.1001","name":"Kebayoran Lama Utara"},"geometry":{"type":"Polygon","coordinates":[[[106.78467,-6.24127],[106.78497,-6.23901],[106.78546,-6.23873],[106.78498,-6.23802],[106.78491,-6.23736],[106.78549,-6.23669],[106.78555,-6.23622],[106.78534,-6.23565],[106.78372,-6.23591],[106.78319,-6.23621],[106.78051,-6.23637],[106.78079,-6.24094],[106.78018,-6.2417],[106.77632,-6.24213],[106.77632,-6.24297],[106.77197,-6.24329],[106.77174,-6.24265],[106.76807,-6.24326],[106.76825,-6.24371],[106.76817,-6.24466],[106.7688,-6.24555],[106.76884,-6.24604],[106.76818,-6.24701],[106.76667,-6.24828],[106.76672,-6.24914],[106.76744,-6.24995],[106.76746,-6.25037],[106.76727,-6.25094],[106.76637,-6.25164],[106.76619,-6.25211],[106.76634,-6.25253],[106.76673,-6.25282],[106.76785,-6.25318],[106.76761,-6.2544],[106.76815,-6.25527],[106.76847,-6.25535],[106.76869,-6.25456],[106.76924,-6.25443],[106.76942,-6.25345],[106.77006,-6.25303],[106.77773,-6.2534],[106.77831,-6.25138],[106.77806,-6.24893],[106.77851,-6.24781],[106.77915,-6.24705],[106.77987,-6.24741],[106.78459,-6.24807],[106.7845,-6.24859],[106.78627,-6.24817],[106.78641,-6.24709],[106.7874,-6.24711],[106.78852,-6.24659],[106.78768,-6.24504],[106.78767,-6.24422],[106.78687,-6.24426],[106.78672,-6.24349],[106.78614,-6.24347],[106.78461,-6.24262],[106.78413,-6.24162],[106.78433,-6.2413],[106.78467,-6.24127]]]}},{"type":"Feature","properties":{"id":"31.74.05.1002","name":"Pondok Pinang"},"geometry":{"type":"Polygon","coordinates":[[[106.78412,-6.26111],[106.777,-6.26093],[106.77537,-6.25996],[106.77318,-6.25975],[106.77269,-6.25908],[106.77254,-6.26042],[106.77309,-6.26254],[106.77231,-6.26304],[106.77176,-6.26249],[106.7706,-6.26321],[106.77144,-6.26468],[106.77143,-6.26534],[106.7711,-6.26532],[106.77024,-6.26445],[106.76947,-6.2649],[106.76921,-6.26594],[106.76968,-6.26719],[106.7693,-6.26803],[106.7696,-6.26933],[106.76991,-6.26967],[106.77113,-6.27023],[106.77095,-6.27145],[106.77158,-6.27216],[106.77062,-6.27428],[106.77014,-6.27435],[106.76958,-6.27385],[106.76909,-6.27372],[106.76863,-6.27389],[106.76832,-6.27436],[106.76842,-6.27475],[106.76895,-6.275],[106.76938,-6.27548],[106.76935,-6.27619],[106.76988,-6.27665],[106.77035,-6.27797],[106.77019,-6.27818],[106.76786,-6.27894],[106.76759,-6.27938],[106.76797,-6.2798],[106.76805,-6.2804],[106.76943,-6.28114],[106.7695,-6.28149],[106.76913,-6.2818],[106.76857,-6.28152],[106.76784,-6.28183],[106.76687,-6.28315],[106.7657,-6.28397],[106.76614,-6.28463],[106.7673,-6.28504],[106.76805,-6.28614],[106.76784,-6.28646],[106.76708,-6.28621],[106.76652,-6.28656],[106.76713,-6.2883],[106.76701,-6.2886],[106.76619,-6.28886],[106.76607,-6.28906],[106.76643,-6.28936],[106.76663,-6.29065],[106.76928,-6.28926],[106.77048,-6.28912],[106.77639,-6.28927],[106.77721,-6.28903],[106.77808,-6.28842],[106.77945,-6.28976],[106.78038,-6.2903],[106.78427,-6.29162],[106.78493,-6.29102],[106.78508,-6.29042],[106.78565,-6.28965],[106.78544,-6.28855],[106.78508,-6.28808],[106.78613,-6.28659],[106.78665,-6.28626],[106.78718,-6.28518],[106.78843,-6.28424],[106.79005,-6.28165],[106.79031,-6.27991],[106.79021,-6.27879],[106.78975,-6.27812],[106.78958,-6.27742],[106.78979,-6.27528],[106.79155,-6.27299],[106.79135,-6.27225],[106.79135,-6.27045],[106.79072,-6.26889],[106.79036,-6.26865],[106.79003,-6.26912],[106.78976,-6.2692],[106.78907,-6.26848],[106.78821,-6.26832],[106.7874,-6.26791],[106.78696,-6.26688],[106.78656,-6.26654],[106.78641,-6.26599],[106.7854,-6.26545],[106.78518,-6.26424],[106.78521,-6.26171],[106.78501,-6.26135],[106.78412,-6.26111]]]}},{"type":"Feature","properties":{"id":"31.74.05.1003","name":"Cipulir"},"geometry":{"type":"Polygon","coordinates":[[[106.76786,-6.23317],[106.76689,-6.2327],[106.76636,-6.23352],[106.76597,-6.23378],[106.76634,-6.23383],[106.76707,-6.2348],[106.76721,-6.2355],[106.76707,-6.23648],[106.76667,-6.23668],[106.76508,-6.23672],[106.76447,-6.23764],[106.76465,-6.23888],[106.76542,-6.23889],[106.76565,-6.23824],[106.76597,-6.23819],[106.76611,-6.23842],[106.7659,-6.23896],[106.76667,-6.23972],[106.76651,-6.23998],[106.76612,-6.23973],[106.76584,-6.23987],[106.76561,-6.2416],[106.76604,-6.24198],[106.76736,-6.2425],[106.76807,-6.24326],[106.77174,-6.24265],[106.77197,-6.24329],[106.77632,-6.24297],[106.77632,-6.24213],[106.78018,-6.2417],[106.78077,-6.24098],[106.78026,-6.23284],[106.77525,-6.23315],[106.77002,-6.2332],[106.77001,-6.23365],[106.76978,-6.23365],[106.76945,-6.23319],[106.76786,-6.23317]]]}},{"type":"Feature","properties":{"id":"31.74.05.1004","name":"Grogol Utara"},"geometry":{"type":"Polygon","coordinates":[[[106.78906,-6.20847],[106.78855,-6.20825],[106.78727,-6.20699],[106.78328,-6.20669],[106.78315,-6.20706],[106.7836,-6.21185],[106.78333,-6.21275],[106.7825,-6.2133],[106.77801,-6.21351],[106.77771,-6.21368],[106.77761,-6.21519],[106.77708,-6.21652],[106.77726,-6.217],[106.77822,-6.21741],[106.77845,-6.21775],[106.77847,-6.22499],[106.78121,-6.22603],[106.78425,-6.22641],[106.78782,-6.2253],[106.7885,-6.22577],[106.7888,-6.22577],[106.7902,-6.22312],[106.79076,-6.22349],[106.79612,-6.22314],[106.79705,-6.21793],[106.79612,-6.21647],[106.79629,-6.21567],[106.79534,-6.21357],[106.79547,-6.21279],[106.79579,-6.21266],[106.79583,-6.21238],[106.79464,-6.21186],[106.79421,-6.21199],[106.79391,-6.21169],[106.79344,-6.21171],[106.79377,-6.2114],[106.79371,-6.21097],[106.79274,-6.21028],[106.79259,-6.20935],[106.79188,-6.20886],[106.7924,-6.20778],[106.79053,-6.20748],[106.78943,-6.20838],[106.78906,-6.20847]]]}},{"type":"Feature","properties":{"id":"31.74.05.1005","name":"Grogol Selatan"},"geometry":{"type":"Polygon","coordinates":[[[106.79071,-6.22349],[106.7902,-6.22312],[106.78872,-6.2258],[106.78782,-6.2253],[106.7841,-6.22642],[106.78121,-6.22603],[106.77847,-6.22499],[106.77843,-6.22691],[106.76782,-6.22729],[106.7675,-6.22748],[106.76581,-6.22743],[106.76479,-6.22709],[106.76455,-6.22751],[106.76496,-6.22876],[106.76476,-6.22912],[106.7645,-6.22925],[106.76417,-6.22911],[106.764,-6.2297],[106.76309,-6.22995],[106.76337,-6.2305],[106.76355,-6.23052],[106.76479,-6.22952],[106.76525,-6.22949],[106.76587,-6.2303],[106.76587,-6.23097],[106.76544,-6.2313],[106.76524,-6.23187],[106.76476,-6.23217],[106.76416,-6.23306],[106.76463,-6.23491],[106.76484,-6.23502],[106.76557,-6.23465],[106.76604,-6.23363],[106.76636,-6.23352],[106.76689,-6.2327],[106.76773,-6.23316],[106.76945,-6.23319],[106.76978,-6.23365],[106.77001,-6.23365],[106.77002,-6.2332],[106.77525,-6.23315],[106.78026,-6.23284],[106.78051,-6.23637],[106.78319,-6.23621],[106.78372,-6.23591],[106.78519,-6.23565],[106.78534,-6.23565],[106.78555,-6.23622],[106.78613,-6.23576],[106.78621,-6.23541],[106.78672,-6.23534],[106.78678,-6.23481],[106.78748,-6.23413],[106.78815,-6.23414],[106.78862,-6.23376],[106.78895,-6.2338],[106.78894,-6.23341],[106.78967,-6.23341],[106.79016,-6.23308],[106.79192,-6.23071],[106.79271,-6.23061],[106.79374,-6.2308],[106.79466,-6.23004],[106.79545,-6.23046],[106.79583,-6.2299],[106.79577,-6.22905],[106.79593,-6.22867],[106.79565,-6.22844],[106.79643,-6.22635],[106.79606,-6.22371],[106.79613,-6.22314],[106.79071,-6.22349]]]}},{"type":"Feature","properties":{"id":"31.74.05.1006","name":"Kebayoran Lama Selatan"},"geometry":{"type":"Polygon","coordinates":[[[106.78876,-6.24735],[106.7887,-6.24679],[106.78852,-6.24659],[106.7874,-6.24711],[106.78641,-6.24709],[106.78627,-6.24817],[106.7845,-6.24859],[106.78459,-6.24807],[106.77987,-6.24741],[106.77915,-6.24705],[106.77851,-6.24781],[106.77806,-6.24893],[106.77831,-6.25138],[106.77773,-6.2534],[106.77082,-6.25301],[106.76975,-6.25315],[106.76932,-6.25365],[106.76924,-6.25443],[106.76962,-6.25453],[106.77005,-6.25433],[106.77057,-6.25475],[106.7716,-6.25485],[106.77194,-6.2551],[106.77206,-6.2555],[106.77186,-6.25596],[106.77138,-6.25628],[106.77038,-6.25622],[106.77011,-6.25637],[106.76941,-6.25798],[106.77011,-6.25826],[106.77059,-6.2588],[106.77134,-6.2581],[106.77199,-6.25803],[106.77243,-6.25844],[106.77314,-6.25973],[106.77537,-6.25996],[106.77713,-6.26097],[106.78422,-6.26111],[106.78513,-6.26145],[106.78553,-6.26097],[106.78495,-6.26036],[106.78531,-6.26009],[106.78551,-6.25921],[106.78517,-6.25905],[106.78524,-6.25865],[106.78483,-6.25841],[106.78513,-6.25738],[106.78552,-6.2569],[106.7863,-6.25677],[106.78598,-6.25644],[106.78583,-6.25539],[106.78618,-6.25407],[106.78735,-6.25346],[106.78785,-6.2534],[106.78784,-6.25304],[106.78832,-6.25271],[106.78867,-6.25196],[106.78851,-6.25173],[106.78891,-6.25112],[106.78872,-6.25022],[106.78836,-6.24987],[106.78874,-6.24937],[106.78889,-6.24873],[106.78857,-6.24833],[106.78908,-6.24825],[106.78892,-6.24773],[106.7892,-6.24737],[106.78876,-6.24735]]]}},{"type":"Feature","properties":{"id":"31.74.06.1001","name":"Cilandak Barat"},"geometry":{"type":"Polygon","coordinates":[[[106.81197,-6.27913],[106.81225,-6.2786],[106.80817,-6.27816],[106.80749,-6.27933],[106.80691,-6.2794],[106.79707,-6.27929],[106.79689,-6.27975],[106.79584,-6.27991],[106.79476,-6.27974],[106.79468,-6.27943],[106.7902,-6.27967],[106.79018,-6.28119],[106.78987,-6.28201],[106.78892,-6.28324],[106.78843,-6.28424],[106.78718,-6.28518],[106.78665,-6.28626],[106.78613,-6.28659],[106.78508,-6.28808],[106.78544,-6.28855],[106.78565,-6.28965],[106.78404,-6.29219],[106.78373,-6.29406],[106.7847,-6.29479],[106.78489,-6.2958],[106.7855,-6.29671],[106.78538,-6.29706],[106.785,-6.2973],[106.78487,-6.29774],[106.78522,-6.29817],[106.7852,-6.29872],[106.78613,-6.29991],[106.78598,-6.30048],[106.78649,-6.30104],[106.78724,-6.30114],[106.78757,-6.30074],[106.78869,-6.30079],[106.78879,-6.30047],[106.78941,-6.30059],[106.78972,-6.30197],[106.79195,-6.3021],[106.79211,-6.30188],[106.79293,-6.30185],[106.79345,-6.30228],[106.79461,-6.30216],[106.79467,-6.30171],[106.79989,-6.30177],[106.79991,-6.30201],[106.80039,-6.30207],[106.80049,-6.30246],[106.80695,-6.30208],[106.8062,-6.30078],[106.80601,-6.29849],[106.80522,-6.29845],[106.805,-6.29801],[106.80533,-6.29772],[106.80561,-6.29669],[106.80677,-6.29593],[106.80688,-6.29557],[106.80647,-6.29518],[106.8062,-6.29446],[106.80536,-6.29423],[106.80502,-6.29361],[106.80504,-6.29315],[106.80551,-6.2927],[106.80581,-6.2914],[106.8063,-6.29071],[106.80711,-6.29042],[106.80728,-6.29009],[106.80799,-6.29019],[106.80828,-6.28992],[106.80866,-6.28903],[106.80848,-6.28749],[106.80903,-6.28689],[106.80916,-6.28594],[106.80976,-6.28587],[106.80964,-6.28442],[106.80936,-6.28395],[106.80962,-6.28337],[106.8093,-6.28284],[106.80935,-6.2822],[106.8105,-6.2809],[106.81077,-6.27965],[106.81141,-6.27916],[106.81197,-6.27913]]]}},{"type":"Feature","properties":{"id":"31.74.06.1002","name":"Lebak Bulus"},"geometry":{"type":"Polygon","coordinates":[[[106.77888,-6.28925],[106.77808,-6.28842],[106.77721,-6.28903],[106.77639,-6.28927],[106.76983,-6.28917],[106.76845,-6.28959],[106.76663,-6.29065],[106.76707,-6.29147],[106.76784,-6.29153],[106.76816,-6.29186],[106.76752,-6.29234],[106.76829,-6.29339],[106.76715,-6.2948],[106.76721,-6.2953],[106.76784,-6.29581],[106.76845,-6.29592],[106.76984,-6.29551],[106.77015,-6.29562],[106.7702,-6.29599],[106.76977,-6.29674],[106.76977,-6.29751],[106.77023,-6.29771],[106.77073,-6.29731],[106.77086,-6.29824],[106.77124,-6.299],[106.77161,-6.29902],[106.77321,-6.29815],[106.77366,-6.2984],[106.77389,-6.29884],[106.77394,-6.29922],[106.7737,-6.29951],[106.77248,-6.29919],[106.77158,-6.29935],[106.77156,-6.2996],[106.7723,-6.29998],[106.77269,-6.30044],[106.77318,-6.30146],[106.77133,-6.30166],[106.77088,-6.30205],[106.77117,-6.30286],[106.77154,-6.3032],[106.773,-6.30292],[106.77348,-6.30308],[106.77351,-6.30346],[106.77293,-6.30444],[106.77304,-6.30476],[106.77357,-6.30463],[106.77451,-6.30326],[106.77496,-6.30334],[106.77558,-6.30397],[106.77552,-6.30447],[106.77489,-6.30463],[106.7748,-6.30488],[106.77549,-6.30616],[106.77435,-6.3063],[106.77391,-6.30672],[106.77498,-6.30834],[106.7746,-6.30886],[106.77339,-6.30939],[106.77333,-6.30971],[106.77533,-6.3104],[106.7753,-6.31062],[106.77445,-6.3113],[106.77447,-6.31184],[106.77469,-6.31222],[106.77555,-6.31163],[106.7766,-6.31189],[106.77642,-6.31321],[106.7768,-6.31526],[106.77918,-6.31576],[106.7797,-6.3161],[106.77986,-6.31652],[106.78012,-6.31658],[106.78097,-6.31641],[106.78175,-6.31599],[106.7826,-6.31595],[106.78167,-6.31398],[106.78126,-6.31165],[106.78571,-6.312],[106.78614,-6.3114],[106.78751,-6.3117],[106.78785,-6.31117],[106.78847,-6.31118],[106.78859,-6.3103],[106.78823,-6.30937],[106.78839,-6.30906],[106.78823,-6.30845],[106.78844,-6.30799],[106.78818,-6.30754],[106.78823,-6.30615],[106.7888,-6.30593],[106.78878,-6.30542],[106.78918,-6.30452],[106.78972,-6.3044],[106.7903,-6.30395],[106.79015,-6.30331],[106.79034,-6.3029],[106.78964,-6.30255],[106.7897,-6.30169],[106.7894,-6.30111],[106.78941,-6.30059],[106.78879,-6.30047],[106.78869,-6.30079],[106.78757,-6.30074],[106.78724,-6.30114],[106.78649,-6.30104],[106.78595,-6.30043],[106.78613,-6.29991],[106.7852,-6.29872],[106.78522,-6.29817],[106.78487,-6.29774],[106.785,-6.2973],[106.78538,-6.29706],[106.7855,-6.29671],[106.78489,-6.2958],[106.7847,-6.29479],[106.78373,-6.29406],[106.78404,-6.29219],[106.78435,-6.29164],[106.78038,-6.2903],[106.77888,-6.28925]]]}},{"type":"Feature","properties":{"id":"31.74.06.1003","name":"Pondok Labu"},"geometry":{"type":"Polygon","coordinates":[[[106.79989,-6.30177],[106.79467,-6.30171],[106.79461,-6.30216],[106.79356,-6.30228],[106.79293,-6.30185],[106.79211,-6.30188],[106.79195,-6.3021],[106.78972,-6.30197],[106.78966,-6.30257],[106.79032,-6.30279],[106.79015,-6.30331],[106.79031,-6.30391],[106.78972,-6.3044],[106.78916,-6.30454],[106.78877,-6.30546],[106.7888,-6.30593],[106.78833,-6.306],[106.78822,-6.30621],[106.78818,-6.30754],[106.78844,-6.30799],[106.78823,-6.30845],[106.78839,-6.30906],[106.78823,-6.30937],[106.78859,-6.3103],[106.78847,-6.31118],[106.78785,-6.31117],[106.78751,-6.3117],[106.78614,-6.3114],[106.78571,-6.312],[106.78126,-6.31165],[106.78167,-6.31398],[106.7826,-6.31595],[106.78285,-6.31588],[106.78327,-6.31661],[106.78436,-6.31643],[106.78477,-6.31553],[106.78548,-6.31585],[106.78581,-6.31564],[106.78871,-6.31587],[106.78964,-6.31628],[106.79018,-6.31494],[106.79077,-6.31476],[106.79213,-6.31571],[106.79271,-6.31582],[106.79315,-6.31581],[106.79313,-6.31543],[106.79576,-6.31515],[106.7967,-6.31527],[106.80099,-6.31508],[106.80124,-6.31512],[106.80124,-6.31532],[106.80389,-6.31525],[106.80388,-6.31499],[106.80917,-6.31484],[106.80892,-6.31404],[106.80835,-6.3134],[106.80793,-6.31324],[106.80799,-6.31289],[106.8084,-6.3126],[106.80788,-6.31156],[106.80792,-6.31113],[106.80838,-6.31087],[106.80852,-6.3104],[106.80777,-6.30927],[106.80733,-6.30933],[106.80683,-6.30909],[106.80701,-6.30867],[106.80732,-6.30871],[106.8086,-6.3081],[106.80824,-6.30688],[106.80871,-6.30654],[106.80844,-6.30571],[106.80915,-6.3056],[106.80922,-6.30511],[106.80893,-6.30463],[106.80886,-6.30404],[106.80841,-6.30375],[106.80823,-6.30324],[106.80804,-6.3031],[106.80761,-6.30323],[106.80715,-6.30287],[106.80695,-6.30208],[106.80049,-6.30246],[106.80039,-6.30207],[106.79991,-6.30201],[106.79989,-6.30177]]]}},{"type":"Feature","properties":{"id":"31.74.06.1004","name":"Gandaria Selatan"},"geometry":{"type":"Polygon","coordinates":[[[106.79429,-6.26431],[106.78528,-6.26299],[106.78518,-6.26424],[106.7854,-6.26545],[106.78641,-6.26599],[106.78656,-6.26654],[106.7871,-6.26712],[106.78731,-6.26785],[106.7881,-6.26828],[106.78907,-6.26848],[106.78976,-6.2692],[106.79003,-6.26912],[106.79036,-6.26865],[106.79058,-6.26866],[106.79127,-6.27013],[106.79154,-6.27307],[106.79085,-6.27406],[106.79017,-6.27463],[106.78979,-6.27528],[106.78966,-6.27612],[106.78959,-6.2775],[106.78975,-6.27812],[106.79021,-6.27879],[106.7902,-6.27967],[106.79468,-6.27943],[106.79474,-6.27973],[106.79532,-6.27989],[106.79689,-6.27975],[106.79771,-6.27635],[106.79719,-6.2639],[106.79652,-6.26401],[106.79445,-6.26359],[106.79429,-6.26431]]]}},{"type":"Feature","properties":{"id":"31.74.06.1005","name":"Cipete Selatan"},"geometry":{"type":"Polygon","coordinates":[[[106.80013,-6.26583],[106.79738,-6.2657],[106.79728,-6.26777],[106.79771,-6.27635],[106.79707,-6.27929],[106.80653,-6.27942],[106.80749,-6.27933],[106.80817,-6.27816],[106.81225,-6.2786],[106.8127,-6.27835],[106.81299,-6.27691],[106.8129,-6.27639],[106.81344,-6.27593],[106.81398,-6.27598],[106.81421,-6.27521],[106.81381,-6.27381],[106.81398,-6.2733],[106.81389,-6.27221],[106.81263,-6.27165],[106.81151,-6.27028],[106.81173,-6.26957],[106.81226,-6.26904],[106.81207,-6.26862],[106.81259,-6.26724],[106.81293,-6.26703],[106.81,-6.26656],[106.81015,-6.26595],[106.80445,-6.26631],[106.80449,-6.26662],[106.8018,-6.26693],[106.80024,-6.26674],[106.80013,-6.26583]]]}},{"type":"Feature","properties":{"id":"31.74.07.1001","name":"Melawai"},"geometry":{"type":"Polygon","coordinates":[[[106.80755,-6.24164],[106.80723,-6.23921],[106.80483,-6.23987],[106.79844,-6.23986],[106.79845,-6.24258],[106.79816,-6.24339],[106.79814,-6.24491],[106.79753,-6.24933],[106.79736,-6.2531],[106.80125,-6.2524],[106.80262,-6.25177],[106.80352,-6.25082],[106.80435,-6.24881],[106.80568,-6.24796],[106.80804,-6.24504],[106.80822,-6.24397],[106.80755,-6.24164]]]}},{"type":"Feature","properties":{"id":"31.74.07.1002","name":"Gunung"},"geometry":{"type":"Polygon","coordinates":[[[106.79949,-6.22924],[106.79853,-6.2288],[106.79755,-6.22931],[106.79585,-6.22926],[106.79584,-6.22987],[106.79552,-6.23044],[106.79466,-6.23004],[106.79374,-6.2308],[106.79271,-6.23061],[106.79192,-6.23071],[106.79016,-6.23308],[106.78967,-6.23341],[106.78894,-6.23341],[106.78895,-6.2338],[106.78862,-6.23376],[106.78815,-6.23414],[106.78748,-6.23413],[106.78678,-6.23481],[106.78672,-6.23534],[106.78621,-6.23541],[106.78613,-6.23576],[106.78558,-6.23616],[106.78542,-6.23683],[106.78491,-6.2373],[106.78498,-6.23802],[106.78546,-6.23869],[106.78497,-6.23901],[106.78497,-6.23944],[106.78631,-6.23958],[106.78756,-6.24072],[106.78923,-6.24103],[106.79014,-6.24183],[106.79174,-6.24206],[106.79287,-6.24169],[106.7936,-6.24037],[106.79427,-6.23991],[106.79844,-6.23988],[106.79847,-6.23158],[106.79884,-6.23034],[106.79949,-6.22924]]]}},{"type":"Feature","properties":{"id":"31.74.07.1003","name":"Kramat Pela"},"geometry":{"type":"Polygon","coordinates":[[[106.79014,-6.24183],[106.78898,-6.24094],[106.78756,-6.24072],[106.78631,-6.23958],[106.78497,-6.23944],[106.78472,-6.24013],[106.78474,-6.24119],[106.78433,-6.2413],[106.78413,-6.24162],[106.78477,-6.24283],[106.7853,-6.24289],[106.78623,-6.24351],[106.78672,-6.24349],[106.78687,-6.24426],[106.7877,-6.24427],[106.78768,-6.24504],[106.78836,-6.24645],[106.78869,-6.24672],[106.78863,-6.2472],[106.7892,-6.24735],[106.78915,-6.24762],[106.78892,-6.24773],[106.78908,-6.24825],[106.78857,-6.24833],[106.78889,-6.24873],[106.78874,-6.24937],[106.78836,-6.24987],[106.78872,-6.25022],[106.78891,-6.25105],[106.79014,-6.25125],[106.79046,-6.25043],[106.79063,-6.24919],[106.79082,-6.24902],[106.79469,-6.25016],[106.79518,-6.25011],[106.79584,-6.24956],[106.7975,-6.24971],[106.79814,-6.24491],[106.79816,-6.24339],[106.79845,-6.24258],[106.79844,-6.23988],[106.79427,-6.23991],[106.7936,-6.24037],[106.79287,-6.24169],[106.79174,-6.24206],[106.79014,-6.24183]]]}},{"type":"Feature","properties":{"id":"31.74.07.1004","name":"Selong"},"geometry":{"type":"Polygon","coordinates":[[[106.80038,-6.22951],[106.7995,-6.22924],[106.79911,-6.22979],[106.79847,-6.23158],[106.79844,-6.23986],[106.80483,-6.23987],[106.80723,-6.23921],[106.80758,-6.23534],[106.8078,-6.23553],[106.80924,-6.23546],[106.81121,-6.23376],[106.81243,-6.23312],[106.81357,-6.23301],[106.81471,-6.23314],[106.8145,-6.23138],[106.81464,-6.23126],[106.81369,-6.22996],[106.81046,-6.23038],[106.81028,-6.23084],[106.80981,-6.23092],[106.80969,-6.23152],[106.80772,-6.23058],[106.80434,-6.22951],[106.8026,-6.2293],[106.80095,-6.22929],[106.80038,-6.22951]]]}},{"type":"Feature","properties":{"id":"31.74.07.1005","name":"Rawa Barat"},"geometry":{"type":"Polygon","coordinates":[[[106.81583,-6.23302],[106.81243,-6.23312],[106.81121,-6.23376],[106.80924,-6.23546],[106.8078,-6.23553],[106.80758,-6.23534],[106.80723,-6.23921],[106.81382,-6.23872],[106.8151,-6.23892],[106.81693,-6.23875],[106.81775,-6.2389],[106.81829,-6.23617],[106.81855,-6.23594],[106.81784,-6.23539],[106.81777,-6.23437],[106.81751,-6.23379],[106.81759,-6.23341],[106.81583,-6.23324],[106.81583,-6.23302]]]}},{"type":"Feature","properties":{"id":"31.74.07.1006","name":"Senayan"},"geometry":{"type":"Polygon","coordinates":[[[106.81729,-6.22986],[106.81655,-6.22793],[106.81664,-6.22758],[106.81713,-6.22726],[106.81667,-6.22665],[106.81713,-6.22627],[106.81243,-6.21939],[106.8088,-6.22225],[106.80329,-6.22608],[106.80038,-6.22831],[106.79947,-6.22922],[106.80038,-6.22951],[106.80105,-6.22928],[106.80443,-6.22952],[106.80772,-6.23058],[106.80969,-6.23152],[106.80981,-6.23092],[106.81028,-6.23084],[106.81046,-6.23038],[106.81369,-6.22996],[106.81464,-6.23126],[106.8145,-6.23138],[106.81472,-6.23299],[106.81583,-6.23302],[106.81583,-6.23324],[106.81759,-6.23341],[106.8178,-6.2331],[106.81746,-6.23269],[106.8174,-6.23217],[106.81681,-6.23196],[106.81687,-6.23109],[106.81729,-6.22986]]]}},{"type":"Feature","properties":{"id":"31.74.07.1007","name":"Pulo"},"geometry":{"type":"Polygon","coordinates":[[[106.80918,-6.24977],[106.80737,-6.24899],[106.80605,-6.24754],[106.80435,-6.24881],[106.80352,-6.25082],[106.80243,-6.2519],[106.80125,-6.2524],[106.7974,-6.2531],[106.7975,-6.24971],[106.79584,-6.24956],[106.79506,-6.25015],[106.79404,-6.24997],[106.79411,-6.25069],[106.79474,-6.25175],[106.79482,-6.25228],[106.79421,-6.254],[106.79342,-6.25461],[106.79334,-6.25486],[106.79444,-6.25549],[106.79443,-6.25633],[106.79484,-6.25643],[106.79487,-6.25683],[106.79702,-6.25673],[106.79694,-6.25782],[106.80064,-6.25751],[106.80058,-6.25629],[106.80702,-6.25605],[106.80798,-6.25552],[106.80794,-6.2562],[106.80821,-6.25619],[106.80821,-6.25596],[106.80848,-6.25595],[106.8083,-6.25556],[106.80857,-6.25498],[106.8086,-6.25324],[106.80918,-6.25286],[106.80893,-6.25238],[106.80954,-6.25139],[106.81045,-6.25051],[106.81006,-6.2503],[106.8096,-6.2492],[106.80965,-6.24891],[106.80918,-6.24977]]]}},{"type":"Feature","properties":{"id":"31.74.07.1008","name":"Petogogan"},"geometry":{"type":"Polygon","coordinates":[[[106.81504,-6.23891],[106.81382,-6.23872],[106.80723,-6.23921],[106.80739,-6.24089],[106.80819,-6.24427],[106.80804,-6.24504],[106.80605,-6.24754],[106.80721,-6.24887],[106.80921,-6.24979],[106.80969,-6.24884],[106.81042,-6.24801],[106.81152,-6.24719],[106.81188,-6.24724],[106.81202,-6.24681],[106.81251,-6.24677],[106.81302,-6.24608],[106.81309,-6.24566],[106.81373,-6.24549],[106.81381,-6.24483],[106.81457,-6.24401],[106.81475,-6.24299],[106.81513,-6.24283],[106.81562,-6.24313],[106.81565,-6.24242],[106.81603,-6.24212],[106.81606,-6.24169],[106.81581,-6.24155],[106.81583,-6.24138],[106.81616,-6.24089],[106.81649,-6.24091],[106.81775,-6.2389],[106.81693,-6.23875],[106.81504,-6.23891]]]}},{"type":"Feature","properties":{"id":"31.74.07.1009","name":"Gandaria Utara"},"geometry":{"type":"Polygon","coordinates":[[[106.79424,-6.25101],[106.79404,-6.24997],[106.79082,-6.24902],[106.79063,-6.24919],[106.79046,-6.25043],[106.79014,-6.25125],[106.78891,-6.25105],[106.78851,-6.25173],[106.78867,-6.25196],[106.78832,-6.25271],[106.78784,-6.25304],[106.78785,-6.2534],[106.78621,-6.25401],[106.78583,-6.25539],[106.78598,-6.25644],[106.7863,-6.25677],[106.78552,-6.2569],[106.78513,-6.25738],[106.78483,-6.25841],[106.78524,-6.25865],[106.78517,-6.25905],[106.78551,-6.25921],[106.78531,-6.26009],[106.78495,-6.26044],[106.78553,-6.26097],[106.78513,-6.26145],[106.78528,-6.26299],[106.79023,-6.26388],[106.79429,-6.26431],[106.79445,-6.26359],[106.79652,-6.26401],[106.79719,-6.2639],[106.7966,-6.26169],[106.79702,-6.25673],[106.79487,-6.25683],[106.79484,-6.25643],[106.79443,-6.25633],[106.79444,-6.25549],[106.79333,-6.25483],[106.79421,-6.254],[106.79481,-6.25234],[106.79477,-6.25183],[106.79424,-6.25101]]]}},{"type":"Feature","properties":{"id":"31.74.07.1010","name":"Cipete Utara"},"geometry":{"type":"Polygon","coordinates":[[[106.80794,-6.2562],[106.80798,-6.25552],[106.80702,-6.25605],[106.80058,-6.25629],[106.80064,-6.25751],[106.79694,-6.25782],[106.7966,-6.26169],[106.79731,-6.26435],[106.79738,-6.2657],[106.80013,-6.26583],[106.80024,-6.26674],[106.8018,-6.26693],[106.80449,-6.26662],[106.80445,-6.26631],[106.81015,-6.26595],[106.81,-6.26656],[106.81293,-6.26703],[106.8132,-6.26572],[106.81255,-6.26496],[106.81226,-6.26374],[106.81172,-6.26349],[106.81187,-6.26312],[106.81152,-6.26264],[106.81207,-6.2623],[106.81178,-6.26176],[106.81143,-6.26169],[106.81169,-6.26129],[106.81149,-6.26077],[106.81134,-6.26048],[106.81092,-6.26062],[106.81086,-6.26023],[106.81047,-6.26016],[106.81029,-6.25963],[106.81067,-6.25924],[106.81019,-6.25925],[106.81006,-6.25891],[106.80953,-6.25877],[106.80935,-6.25776],[106.80904,-6.25744],[106.80908,-6.25638],[106.80848,-6.25595],[106.80794,-6.2562]]]}},{"type":"Feature","properties":{"id":"31.74.08.1001","name":"Pancoran"},"geometry":{"type":"Polygon","coordinates":[[[106.84694,-6.24346],[106.843,-6.24322],[106.84096,-6.24239],[106.83464,-6.24089],[106.83459,-6.24121],[106.83527,-6.2414],[106.8352,-6.24373],[106.83552,-6.24612],[106.83519,-6.24868],[106.83574,-6.25053],[106.83572,-6.25179],[106.83728,-6.25186],[106.83755,-6.25228],[106.83763,-6.25339],[106.84028,-6.25355],[106.8425,-6.25353],[106.84262,-6.25193],[106.84589,-6.25197],[106.84589,-6.25061],[106.84665,-6.25065],[106.84684,-6.24782],[106.84675,-6.24496],[106.84694,-6.24346]]]}},{"type":"Feature","properties":{"id":"31.74.08.1002","name":"Kalibata"},"geometry":{"type":"Polygon","coordinates":[[[106.84965,-6.25569],[106.84299,-6.25559],[106.8434,-6.2577],[106.84339,-6.25863],[106.83493,-6.2589],[106.83489,-6.2608],[106.82689,-6.26118],[106.82705,-6.26161],[106.8259,-6.2618],[106.82631,-6.26365],[106.82631,-6.26495],[106.82665,-6.26558],[106.8273,-6.26546],[106.82779,-6.26568],[106.82775,-6.2661],[106.82828,-6.26679],[106.8285,-6.26754],[106.82845,-6.26816],[106.82912,-6.26942],[106.82878,-6.27024],[106.82894,-6.27054],[106.82867,-6.27078],[106.82883,-6.27149],[106.82861,-6.27194],[106.82888,-6.27233],[106.82874,-6.27263],[106.82892,-6.27287],[106.82865,-6.27319],[106.82912,-6.27427],[106.82876,-6.2746],[106.82871,-6.27493],[106.83058,-6.27489],[106.83263,-6.27442],[106.83233,-6.27407],[106.83245,-6.27355],[106.83215,-6.27306],[106.83243,-6.27195],[106.83235,-6.27123],[106.83212,-6.27105],[106.83239,-6.27019],[106.83271,-6.26979],[106.83249,-6.26932],[106.83291,-6.26896],[106.83209,-6.26835],[106.83285,-6.26823],[106.83286,-6.26848],[106.83494,-6.26846],[106.83484,-6.26597],[106.8421,-6.26616],[106.84419,-6.266],[106.84335,-6.26417],[106.84324,-6.26258],[106.85211,-6.26215],[106.85237,-6.26154],[106.85154,-6.26133],[106.85132,-6.2599],[106.85142,-6.2589],[106.84929,-6.25879],[106.84928,-6.25682],[106.84965,-6.25569]]]}},{"type":"Feature","properties":{"id":"31.74.08.1003","name":"Rawajati"},"geometry":{"type":"Polygon","coordinates":[[[106.85935,-6.25126],[106.85993,-6.25103],[106.85004,-6.25175],[106.84971,-6.25217],[106.84955,-6.25367],[106.84965,-6.25569],[106.84928,-6.25682],[106.84929,-6.25879],[106.8514,-6.25888],[106.85132,-6.2599],[106.85154,-6.26133],[106.85237,-6.26154],[106.84999,-6.26682],[106.85545,-6.26669],[106.85526,-6.26607],[106.85403,-6.26534],[106.85403,-6.26484],[106.85457,-6.26456],[106.85693,-6.26424],[106.85717,-6.26394],[106.85703,-6.26371],[106.85599,-6.26344],[106.85452,-6.26274],[106.85427,-6.26232],[106.85473,-6.26192],[106.8554,-6.2618],[106.85619,-6.26257],[106.85688,-6.26286],[106.85916,-6.26288],[106.85962,-6.26173],[106.86053,-6.25752],[106.86034,-6.25703],[106.85955,-6.25705],[106.85929,-6.25675],[106.85949,-6.2564],[106.86053,-6.25579],[106.86074,-6.25514],[106.8605,-6.25471],[106.85956,-6.25435],[106.85779,-6.25531],[106.85758,-6.25501],[106.85752,-6.25421],[106.858,-6.25248],[106.85935,-6.25126]]]}},{"type":"Feature","properties":{"id":"31.74.08.1004","name":"Duren Tiga"},"geometry":{"type":"Polygon","coordinates":[[[106.84792,-6.25065],[106.84589,-6.25061],[106.84589,-6.25197],[106.84262,-6.25193],[106.8425,-6.25353],[106.83763,-6.25339],[106.83754,-6.25225],[106.83726,-6.25184],[106.83659,-6.25176],[106.82703,-6.25238],[106.82709,-6.25284],[106.82518,-6.25308],[106.82316,-6.25304],[106.82301,-6.2532],[106.82333,-6.25349],[106.82325,-6.25395],[106.8237,-6.254],[106.82385,-6.25385],[106.82433,-6.25457],[106.82527,-6.25471],[106.82523,-6.25516],[106.82472,-6.25591],[106.8248,-6.25808],[106.82631,-6.25878],[106.82635,-6.25933],[106.82614,-6.2597],[106.82497,-6.25974],[106.82458,-6.26014],[106.82458,-6.26044],[106.82578,-6.26113],[106.8259,-6.2618],[106.8261,-6.26181],[106.82705,-6.2616],[106.82689,-6.26118],[106.83489,-6.2608],[106.83493,-6.2589],[106.84339,-6.25863],[106.8434,-6.2577],[106.84299,-6.25559],[106.84954,-6.25569],[106.84962,-6.25245],[106.85004,-6.25175],[106.848,-6.25183],[106.84792,-6.25065]]]}},{"type":"Feature","properties":{"id":"31.74.08.1005","name":"Pengadegan"},"geometry":{"type":"Polygon","coordinates":[[[106.85899,-6.24634],[106.84682,-6.24729],[106.84665,-6.25066],[106.84792,-6.25058],[106.84804,-6.25184],[106.86023,-6.251],[106.86064,-6.25149],[106.86109,-6.25392],[106.86143,-6.2541],[106.86239,-6.25383],[106.86271,-6.25359],[106.8629,-6.25307],[106.86216,-6.25103],[106.86219,-6.25059],[106.8624,-6.25027],[106.86381,-6.24971],[106.86398,-6.2493],[106.86286,-6.24791],[106.86205,-6.24641],[106.85898,-6.24649],[106.85899,-6.24634]]]}},{"type":"Feature","properties":{"id":"31.74.08.1006","name":"Cikoko"},"geometry":{"type":"Polygon","coordinates":[[[106.86251,-6.24315],[106.85165,-6.24319],[106.84694,-6.24346],[106.84672,-6.24704],[106.8469,-6.24729],[106.85869,-6.24635],[106.85899,-6.24634],[106.85898,-6.24649],[106.86205,-6.24641],[106.86201,-6.24563],[106.86251,-6.24413],[106.86251,-6.24315]]]}},{"type":"Feature","properties":{"id":"31.74.09.1001","name":"Jagakarsa"},"geometry":{"type":"Polygon","coordinates":[[[106.81619,-6.31074],[106.81195,-6.31071],[106.81116,-6.31092],[106.81035,-6.31079],[106.80965,-6.31096],[106.80919,-6.31169],[106.80797,-6.31105],[106.80787,-6.31142],[106.8084,-6.3126],[106.80799,-6.31289],[106.80793,-6.31327],[106.80835,-6.3134],[106.80892,-6.31404],[106.80925,-6.31494],[106.8091,-6.31603],[106.80856,-6.31619],[106.80883,-6.3165],[106.80879,-6.31671],[106.8083,-6.31687],[106.80772,-6.31757],[106.80779,-6.31841],[106.80815,-6.31884],[106.80763,-6.31899],[106.8073,-6.31947],[106.80757,-6.32],[106.80737,-6.32091],[106.80777,-6.32102],[106.8081,-6.32144],[106.80789,-6.32164],[106.80821,-6.32275],[106.80787,-6.32348],[106.80838,-6.32578],[106.80878,-6.3264],[106.80988,-6.3267],[106.80993,-6.32707],[106.80969,-6.32749],[106.80979,-6.32764],[106.81081,-6.32703],[106.81374,-6.32714],[106.81377,-6.32813],[106.81346,-6.3284],[106.81329,-6.32917],[106.81396,-6.33036],[106.81402,-6.33093],[106.81331,-6.33333],[106.813,-6.33669],[106.81455,-6.3369],[106.81475,-6.33553],[106.81541,-6.33568],[106.81532,-6.33603],[106.81665,-6.33634],[106.8167,-6.3365],[106.81835,-6.33722],[106.81866,-6.33653],[106.82205,-6.3379],[106.82253,-6.33695],[106.82342,-6.33724],[106.82387,-6.3376],[106.82493,-6.33687],[106.82556,-6.33614],[106.82636,-6.3359],[106.82857,-6.33556],[106.82982,-6.3363],[106.83094,-6.33609],[106.83295,-6.33404],[106.83487,-6.33172],[106.83462,-6.33111],[106.83346,-6.331],[106.83031,-6.33121],[106.82864,-6.33076],[106.82911,-6.33003],[106.82929,-6.32774],[106.82985,-6.32621],[106.82995,-6.32486],[106.83036,-6.32358],[106.83066,-6.32279],[106.83134,-6.32271],[106.83197,-6.32145],[106.8303,-6.32118],[106.82938,-6.32121],[106.82914,-6.32204],[106.82843,-6.32184],[106.82708,-6.32188],[106.82528,-6.32151],[106.82539,-6.32006],[106.82513,-6.31982],[106.82498,-6.31812],[106.8248,-6.31782],[106.82371,-6.31776],[106.82368,-6.31742],[106.82343,-6.31736],[106.82092,-6.31754],[106.81819,-6.31709],[106.81752,-6.31719],[106.81637,-6.31685],[106.81656,-6.3161],[106.81629,-6.31603],[106.8164,-6.31532],[106.81619,-6.31074]]]}},{"type":"Feature","properties":{"id":"31.74.09.1002","name":"Srengseng Sawah"},"geometry":{"type":"Polygon","coordinates":[[[106.83508,-6.33579],[106.83547,-6.33343],[106.83495,-6.331],[106.83462,-6.33111],[106.83487,-6.33172],[106.83478,-6.33197],[106.83097,-6.33607],[106.82982,-6.3363],[106.82857,-6.33556],[106.82559,-6.33612],[106.82485,-6.33693],[106.82101,-6.33968],[106.81909,-6.34193],[106.81728,-6.34325],[106.81383,-6.34737],[106.81088,-6.35417],[106.80959,-6.35644],[106.80772,-6.35908],[106.80707,-6.36248],[106.8072,-6.36373],[106.81036,-6.36397],[106.81054,-6.36319],[106.81091,-6.36314],[106.81136,-6.36252],[106.8112,-6.36222],[106.81177,-6.36254],[106.81183,-6.36212],[106.81248,-6.36151],[106.81261,-6.36074],[106.81356,-6.36016],[106.81359,-6.35905],[106.81504,-6.35943],[106.81502,-6.3586],[106.81543,-6.35696],[106.81598,-6.35611],[106.81766,-6.35628],[106.81839,-6.35659],[106.81934,-6.3557],[106.81981,-6.3561],[106.82025,-6.35585],[106.82101,-6.35619],[106.82156,-6.35562],[106.82286,-6.35597],[106.82297,-6.35572],[106.82323,-6.35577],[106.82316,-6.35592],[106.82392,-6.3561],[106.82407,-6.35565],[106.82811,-6.35603],[106.82908,-6.35566],[106.82999,-6.3557],[106.8331,-6.35528],[106.83409,-6.35537],[106.83532,-6.35497],[106.83629,-6.35508],[106.83626,-6.35465],[106.83583,-6.35416],[106.83593,-6.35295],[106.83549,-6.35234],[106.83551,-6.3519],[106.83868,-6.35207],[106.8393,-6.35165],[106.83907,-6.3505],[106.83805,-6.34928],[106.83812,-6.34805],[106.83766,-6.3471],[106.83789,-6.34666],[106.83877,-6.34656],[106.83922,-6.34622],[106.8396,-6.34538],[106.83979,-6.34421],[106.8396,-6.34365],[106.83868,-6.34328],[106.83783,-6.34342],[106.83734,-6.34386],[106.83687,-6.34468],[106.83649,-6.3448],[106.83567,-6.34456],[106.83551,-6.34398],[106.83544,-6.3443],[106.83476,-6.34451],[106.83333,-6.344],[106.83387,-6.34082],[106.83508,-6.33579]]]}},{"type":"Feature","properties":{"id":"31.74.09.1003","name":"Ciganjur"},"geometry":{"type":"Polygon","coordinates":[[[106.8081,-6.32144],[106.80736,-6.32088],[106.80649,-6.32131],[106.80654,-6.32165],[106.80693,-6.32167],[106.80726,-6.32204],[106.8072,-6.32252],[106.80596,-6.32283],[106.80636,-6.32373],[106.80608,-6.32386],[106.80552,-6.32352],[106.80501,-6.32365],[106.80498,-6.32418],[106.80452,-6.32451],[106.80451,-6.32505],[106.8041,-6.32521],[106.80423,-6.32685],[106.80358,-6.32736],[106.80339,-6.32779],[106.80344,-6.32934],[106.80361,-6.32976],[106.8031,-6.33047],[106.80228,-6.33114],[106.80193,-6.33137],[106.80155,-6.3313],[106.80129,-6.33166],[106.80141,-6.33201],[106.80186,-6.33228],[106.8018,-6.33341],[106.80099,-6.33363],[106.79908,-6.33311],[106.79885,-6.33441],[106.79898,-6.33473],[106.79893,-6.33602],[106.79872,-6.33652],[106.79895,-6.33692],[106.79893,-6.33745],[106.79869,-6.33822],[106.79981,-6.33952],[106.80013,-6.34023],[106.79994,-6.34075],[106.80017,-6.34094],[106.79959,-6.34135],[106.79982,-6.342],[106.7993,-6.34268],[106.79947,-6.34308],[106.79896,-6.3433],[106.79896,-6.34381],[106.79938,-6.34372],[106.80403,-6.34442],[106.80397,-6.34467],[106.80601,-6.34508],[106.80629,-6.34489],[106.80793,-6.34514],[106.80884,-6.345],[106.81149,-6.34603],[106.81233,-6.34402],[106.81388,-6.34434],[106.81568,-6.34519],[106.81736,-6.34317],[106.8192,-6.34182],[106.8209,-6.33977],[106.82387,-6.3376],[106.82342,-6.33724],[106.82253,-6.33695],[106.82205,-6.3379],[106.81866,-6.33653],[106.81835,-6.33722],[106.8167,-6.3365],[106.81665,-6.33634],[106.81532,-6.33603],[106.81541,-6.33568],[106.81475,-6.33553],[106.81455,-6.3369],[106.813,-6.33669],[106.81331,-6.33333],[106.81402,-6.33093],[106.81396,-6.33036],[106.81329,-6.32917],[106.81346,-6.3284],[106.81377,-6.32813],[106.81374,-6.32714],[106.81081,-6.32703],[106.81049,-6.32734],[106.80973,-6.3276],[106.80993,-6.32675],[106.80878,-6.3264],[106.8083,-6.32557],[106.80787,-6.32348],[106.80821,-6.32275],[106.80789,-6.32164],[106.8081,-6.32144]]]}},{"type":"Feature","properties":{"id":"31.74.09.1004","name":"Lenteng Agung"},"geometry":{"type":"Polygon","coordinates":[[[106.83965,-6.3123],[106.83828,-6.31191],[106.83978,-6.30302],[106.83661,-6.30177],[106.83673,-6.30256],[106.83716,-6.30325],[106.83732,-6.3056],[106.83588,-6.31629],[106.83535,-6.31735],[106.83522,-6.31838],[106.83423,-6.3181],[106.8339,-6.31832],[106.83169,-6.32179],[106.83134,-6.32271],[106.83064,-6.32281],[106.83001,-6.32458],[106.82985,-6.32621],[106.82929,-6.32774],[106.82911,-6.33003],[106.82864,-6.33076],[106.83031,-6.33121],[106.83346,-6.331],[106.83449,-6.33114],[106.83495,-6.331],[106.83536,-6.3324],[106.83542,-6.33427],[106.83387,-6.34082],[106.83333,-6.344],[106.83476,-6.34451],[106.83544,-6.3443],[106.83559,-6.34382],[106.83682,-6.34214],[106.83804,-6.34127],[106.83841,-6.34127],[106.83896,-6.34206],[106.83963,-6.34251],[106.84045,-6.34259],[106.84087,-6.34233],[106.84094,-6.34186],[106.84063,-6.34099],[106.84023,-6.34076],[106.83947,-6.34088],[106.83926,-6.34034],[106.84036,-6.33843],[106.84024,-6.3372],[106.84044,-6.33624],[106.8399,-6.33572],[106.83974,-6.33518],[106.84004,-6.33231],[106.84022,-6.33214],[106.84226,-6.33222],[106.84314,-6.33194],[106.84346,-6.3316],[106.84312,-6.33119],[106.84184,-6.33087],[106.84021,-6.32931],[106.84133,-6.32669],[106.84157,-6.32672],[106.84179,-6.32737],[106.84208,-6.3276],[106.84251,-6.3276],[106.84287,-6.32726],[106.8432,-6.3266],[106.84305,-6.32569],[106.84143,-6.32346],[106.84001,-6.32265],[106.84006,-6.32205],[106.84087,-6.32178],[106.84088,-6.32129],[106.84056,-6.3212],[106.83911,-6.32168],[106.83845,-6.32136],[106.83829,-6.32098],[106.8385,-6.32033],[106.83939,-6.31914],[106.84032,-6.31838],[106.84249,-6.318],[106.84283,-6.31805],[106.84332,-6.31846],[106.84385,-6.31835],[106.84408,-6.31797],[106.84427,-6.31664],[106.84354,-6.31611],[106.84269,-6.31468],[106.84226,-6.31489],[106.842,-6.31481],[106.8413,-6.31392],[106.84078,-6.31388],[106.83965,-6.3123]]]}},{"type":"Feature","properties":{"id":"31.74.09.1005","name":"Tanjung Barat"},"geometry":{"type":"Polygon","coordinates":[[[106.84896,-6.29776],[106.84465,-6.29687],[106.84361,-6.29605],[106.84085,-6.29528],[106.84042,-6.29744],[106.83978,-6.30302],[106.83828,-6.31191],[106.83965,-6.3123],[106.84078,-6.31388],[106.8413,-6.31392],[106.842,-6.31481],[106.84226,-6.31489],[106.84269,-6.31468],[106.84354,-6.31611],[106.84427,-6.31664],[106.84474,-6.31647],[106.84585,-6.31697],[106.84622,-6.31696],[106.84748,-6.31541],[106.84812,-6.31505],[106.84866,-6.31515],[106.84898,-6.31588],[106.84844,-6.31723],[106.84793,-6.31762],[106.84709,-6.3176],[106.84686,-6.31797],[106.84708,-6.31826],[106.84814,-6.31832],[106.84913,-6.31875],[106.84941,-6.31853],[106.84941,-6.31773],[106.84962,-6.31739],[106.85175,-6.31611],[106.85179,-6.31576],[106.85132,-6.31492],[106.85126,-6.31437],[106.8522,-6.31261],[106.85243,-6.311],[106.8528,-6.31095],[106.85458,-6.31229],[106.85474,-6.3125],[106.85476,-6.31362],[106.85517,-6.31388],[106.85603,-6.31343],[106.85828,-6.31136],[106.85835,-6.31093],[106.85813,-6.31061],[106.85714,-6.31064],[106.85677,-6.31014],[106.85704,-6.30884],[106.85771,-6.30786],[106.8574,-6.3064],[106.85855,-6.30568],[106.85819,-6.30503],[106.85619,-6.3042],[106.85525,-6.30368],[106.85463,-6.30308],[106.85443,-6.30251],[106.85504,-6.30133],[106.85471,-6.2995],[106.8525,-6.29992],[106.85202,-6.30095],[106.85159,-6.30111],[106.84989,-6.29978],[106.8496,-6.29897],[106.84988,-6.29872],[106.85045,-6.29873],[106.851,-6.2989],[106.85146,-6.29933],[106.85179,-6.29932],[106.85215,-6.29896],[106.8521,-6.29791],[106.85094,-6.29791],[106.85035,-6.29767],[106.84988,-6.29776],[106.84981,-6.29759],[106.84896,-6.29776]]]}},{"type":"Feature","properties":{"id":"31.74.09.1006","name":"Cipedak"},"geometry":{"type":"Polygon","coordinates":[[[106.80403,-6.34442],[106.79915,-6.34374],[106.79886,-6.34408],[106.7983,-6.34427],[106.79822,-6.34471],[106.79742,-6.34489],[106.79731,-6.34574],[106.79669,-6.34653],[106.79623,-6.34659],[106.79575,-6.34605],[106.7954,-6.34597],[106.79468,-6.34653],[106.79428,-6.34656],[106.79339,-6.34752],[106.79251,-6.34806],[106.79241,-6.34854],[106.7928,-6.34888],[106.79301,-6.34954],[106.79349,-6.34964],[106.79404,-6.35097],[106.79378,-6.35142],[106.79306,-6.35153],[106.79249,-6.35235],[106.79293,-6.35304],[106.79328,-6.35322],[106.79325,-6.35394],[106.7938,-6.35403],[106.79402,-6.35441],[106.79309,-6.35507],[106.79304,-6.35608],[106.79322,-6.35687],[106.79296,-6.35712],[106.79297,-6.3578],[106.79252,-6.35798],[106.79249,-6.35858],[106.79253,-6.35923],[106.79362,-6.36005],[106.79352,-6.3618],[106.79368,-6.36244],[106.79314,-6.36271],[106.7932,-6.36306],[106.79297,-6.36331],[106.79371,-6.36384],[106.79384,-6.36433],[106.79438,-6.36418],[106.79458,-6.36459],[106.80023,-6.36442],[106.80035,-6.36474],[106.80077,-6.36468],[106.80072,-6.36438],[106.80331,-6.3636],[106.80709,-6.36351],[106.80707,-6.36248],[106.80768,-6.35915],[106.80959,-6.35644],[106.81088,-6.35417],[106.81383,-6.34737],[106.81568,-6.34519],[106.81388,-6.34434],[106.81233,-6.34402],[106.81149,-6.34603],[106.80884,-6.345],[106.80793,-6.34514],[106.80629,-6.34489],[106.80601,-6.34508],[106.80397,-6.34467],[106.80403,-6.34442]]]}},{"type":"Feature","properties":{"id":"31.74.10.1001","name":"Pesanggrahan"},"geometry":{"type":"Polygon","coordinates":[[[106.76228,-6.24952],[106.7616,-6.24845],[106.76059,-6.2488],[106.76066,-6.24945],[106.75665,-6.24968],[106.75645,-6.25026],[106.75343,-6.25033],[106.75344,-6.24999],[106.75184,-6.25004],[106.75196,-6.25108],[106.75233,-6.25118],[106.75256,-6.25167],[106.75357,-6.25164],[106.75358,-6.2528],[106.75425,-6.25411],[106.75416,-6.25535],[106.75439,-6.25535],[106.75483,-6.25583],[106.75494,-6.25657],[106.75487,-6.25702],[106.7545,-6.25697],[106.75438,-6.25954],[106.75405,-6.25975],[106.7525,-6.25974],[106.75157,-6.26058],[106.75148,-6.26177],[106.75351,-6.26228],[106.75427,-6.26201],[106.75532,-6.26198],[106.75632,-6.26161],[106.75652,-6.26245],[106.75568,-6.26265],[106.75488,-6.2635],[106.75248,-6.26466],[106.75278,-6.26618],[106.7526,-6.26778],[106.75231,-6.26802],[106.7532,-6.26889],[106.75681,-6.26519],[106.75965,-6.26324],[106.76041,-6.26247],[106.7611,-6.26123],[106.76195,-6.25797],[106.76259,-6.25694],[106.76475,-6.25555],[106.7676,-6.25424],[106.76785,-6.25318],[106.7668,-6.25286],[106.7662,-6.2522],[106.76631,-6.25171],[106.76722,-6.25101],[106.76745,-6.25045],[106.76744,-6.24995],[106.76672,-6.24914],[106.7656,-6.24938],[106.76228,-6.24952]]]}},{"type":"Feature","properties":{"id":"31.74.10.1002","name":"Bintaro"},"geometry":{"type":"Polygon","coordinates":[[[106.76832,-6.25537],[106.7676,-6.25424],[106.76534,-6.25523],[106.76268,-6.25685],[106.76195,-6.25797],[106.7611,-6.26123],[106.76031,-6.26259],[106.75667,-6.26533],[106.75062,-6.27151],[106.75126,-6.27194],[106.75129,-6.27242],[106.75153,-6.27242],[106.75153,-6.27454],[106.75691,-6.27429],[106.75698,-6.27496],[106.75716,-6.27495],[106.7572,-6.27527],[106.75717,-6.27763],[106.75831,-6.27768],[106.75833,-6.278],[106.75947,-6.27815],[106.7622,-6.27784],[106.76147,-6.28181],[106.76011,-6.28644],[106.76174,-6.28687],[106.76297,-6.28688],[106.7631,-6.2888],[106.76655,-6.28885],[106.76701,-6.2886],[106.76713,-6.2883],[106.76684,-6.28719],[106.76651,-6.28681],[106.76655,-6.2865],[106.767,-6.28622],[106.76768,-6.28647],[106.76802,-6.2863],[106.76804,-6.28607],[106.7673,-6.28504],[106.76614,-6.28463],[106.7657,-6.28397],[106.76687,-6.28315],[106.76784,-6.28183],[106.76857,-6.28152],[106.76913,-6.2818],[106.7695,-6.28149],[106.76943,-6.28114],[106.76805,-6.2804],[106.76797,-6.2798],[106.76759,-6.27938],[106.76786,-6.27894],[106.77019,-6.27818],[106.77035,-6.27797],[106.76988,-6.27665],[106.76935,-6.27619],[106.76938,-6.27548],[106.76895,-6.275],[106.76842,-6.27475],[106.76832,-6.27436],[106.76863,-6.27389],[106.76909,-6.27372],[106.76958,-6.27385],[106.77014,-6.27435],[106.77062,-6.27428],[106.77158,-6.27216],[106.77095,-6.27145],[106.77113,-6.27023],[106.76991,-6.26967],[106.7696,-6.26933],[106.7693,-6.26803],[106.76968,-6.26719],[106.76926,-6.26628],[106.76924,-6.2656],[106.76953,-6.26477],[106.77016,-6.26444],[106.7711,-6.26532],[106.77143,-6.26534],[106.77144,-6.26468],[106.7706,-6.26321],[106.77176,-6.26249],[106.77231,-6.26304],[106.77285,-6.26279],[106.7731,-6.26246],[106.77254,-6.26042],[106.77269,-6.25908],[106.77232,-6.2583],[106.77199,-6.25803],[106.7715,-6.25802],[106.77079,-6.25875],[106.77052,-6.25879],[106.77011,-6.25826],[106.76958,-6.25816],[106.76939,-6.25789],[106.77016,-6.25631],[106.77122,-6.25633],[106.77186,-6.25596],[106.77205,-6.25557],[106.77194,-6.2551],[106.77144,-6.25481],[106.77049,-6.25472],[106.77005,-6.25433],[106.76962,-6.25453],[106.76903,-6.2544],[106.76869,-6.25456],[106.76852,-6.25528],[106.76832,-6.25537]]]}},{"type":"Feature","properties":{"id":"31.74.10.1003","name":"Petukangan Utara"},"geometry":{"type":"Polygon","coordinates":[[[106.76031,-6.22296],[106.76014,-6.22257],[106.75924,-6.22256],[106.7584,-6.22256],[106.7584,-6.22292],[106.75793,-6.22298],[106.75077,-6.22291],[106.75068,-6.22273],[106.74992,-6.22272],[106.74506,-6.22327],[106.74438,-6.22292],[106.74309,-6.22327],[106.7386,-6.22361],[106.73743,-6.22388],[106.73777,-6.22539],[106.73956,-6.22537],[106.73975,-6.2255],[106.73978,-6.2262],[106.7404,-6.22623],[106.74033,-6.22766],[106.74156,-6.22777],[106.74266,-6.22729],[106.74331,-6.22756],[106.74326,-6.22877],[106.74442,-6.22903],[106.7439,-6.2305],[106.74545,-6.23083],[106.7454,-6.2318],[106.74448,-6.23229],[106.74472,-6.23284],[106.74479,-6.23383],[106.744,-6.23649],[106.74701,-6.23639],[106.75319,-6.23669],[106.75437,-6.23641],[106.75581,-6.23566],[106.75768,-6.23633],[106.75852,-6.23729],[106.76053,-6.23753],[106.76063,-6.23549],[106.76019,-6.23511],[106.7596,-6.23364],[106.75976,-6.23177],[106.75942,-6.231],[106.75847,-6.23128],[106.7583,-6.2281],[106.75866,-6.22678],[106.759,-6.22643],[106.75966,-6.22639],[106.76018,-6.22563],[106.76003,-6.225],[106.7604,-6.22459],[106.76056,-6.22384],[106.76046,-6.22345],[106.76016,-6.22329],[106.76031,-6.22296]]]}},{"type":"Feature","properties":{"id":"31.74.10.1004","name":"Petukangan Selatan"},"geometry":{"type":"Polygon","coordinates":[[[106.75777,-6.23645],[106.75581,-6.23566],[106.75437,-6.23641],[106.75319,-6.23669],[106.74683,-6.23639],[106.74745,-6.2388],[106.74822,-6.23983],[106.74864,-6.24084],[106.74843,-6.24138],[106.74766,-6.24199],[106.74729,-6.2426],[106.74703,-6.24357],[106.74666,-6.24731],[106.74712,-6.24797],[106.74723,-6.24874],[106.74817,-6.24951],[106.7482,-6.25008],[106.75344,-6.24999],[106.75343,-6.25033],[106.75645,-6.25026],[106.75665,-6.24968],[106.76074,-6.24938],[106.76003,-6.2476],[106.76022,-6.24649],[106.76043,-6.24641],[106.76066,-6.24567],[106.76051,-6.24441],[106.76075,-6.24334],[106.76036,-6.24212],[106.76037,-6.24049],[106.76,-6.23839],[106.76051,-6.23753],[106.75852,-6.23729],[106.75777,-6.23645]]]}},{"type":"Feature","properties":{"id":"31.74.10.1005","name":"Ulujami"},"geometry":{"type":"Polygon","coordinates":[[[106.76593,-6.22247],[106.76015,-6.22255],[106.76031,-6.22292],[106.76018,-6.22335],[106.76046,-6.22345],[106.76056,-6.22384],[106.7604,-6.22459],[106.76003,-6.225],[106.76018,-6.22563],[106.75966,-6.22639],[106.759,-6.22643],[106.75866,-6.22678],[106.7583,-6.2281],[106.75847,-6.23128],[106.75905,-6.23123],[106.75924,-6.23098],[106.75957,-6.23109],[106.75979,-6.23192],[106.75964,-6.23385],[106.76005,-6.23448],[106.76021,-6.23516],[106.76062,-6.23548],[106.76069,-6.23587],[106.76054,-6.23752],[106.76,-6.23839],[106.76037,-6.24049],[106.76036,-6.24212],[106.76075,-6.2434],[106.76051,-6.24441],[106.76065,-6.24575],[106.76043,-6.24641],[106.76022,-6.24649],[106.76003,-6.24761],[106.76039,-6.24865],[106.76058,-6.24881],[106.76163,-6.24846],[106.76234,-6.24961],[106.76672,-6.24914],[106.76672,-6.2482],[106.76823,-6.24695],[106.76886,-6.2459],[106.7688,-6.24555],[106.76817,-6.24466],[106.76825,-6.24371],[106.76801,-6.24317],[106.76736,-6.2425],[106.76604,-6.24198],[106.76558,-6.24154],[106.76585,-6.24061],[106.76584,-6.23987],[106.76612,-6.23973],[106.76651,-6.23998],[106.76667,-6.23979],[106.7659,-6.23896],[106.76608,-6.23827],[106.76565,-6.23824],[106.76553,-6.23877],[106.76528,-6.23895],[106.76476,-6.23894],[106.76457,-6.23868],[106.76447,-6.23758],[106.76488,-6.23692],[106.76515,-6.2367],[106.76697,-6.23658],[106.76721,-6.2355],[106.76694,-6.23454],[106.76615,-6.23372],[106.7655,-6.23472],[106.76471,-6.23502],[106.76418,-6.23341],[106.76423,-6.23292],[106.7659,-6.2309],[106.76589,-6.23037],[106.76561,-6.22979],[106.76533,-6.22951],[106.76479,-6.22952],[106.76355,-6.23052],[106.76309,-6.23003],[106.76313,-6.22989],[106.764,-6.2297],[106.76417,-6.22911],[106.7645,-6.22925],[106.76476,-6.22912],[106.76496,-6.22876],[106.76457,-6.22775],[106.76462,-6.22727],[106.76495,-6.227],[106.76594,-6.2269],[106.76621,-6.22591],[106.76689,-6.22532],[106.76556,-6.22318],[106.76557,-6.22276],[106.76593,-6.22247]]]}},{"type":"Feature","properties":{"id":"31.75.01.1001","name":"Pisangan Baru"},"geometry":{"type":"Polygon","coordinates":[[[106.86963,-6.20861],[106.86779,-6.20836],[106.86751,-6.2086],[106.86627,-6.20881],[106.8624,-6.20925],[106.86277,-6.21042],[106.86324,-6.2112],[106.86724,-6.21487],[106.87423,-6.21491],[106.874,-6.20979],[106.86963,-6.20861]]]}},{"type":"Feature","properties":{"id":"31.75.01.1002","name":"Utan Kayu Utara"},"geometry":{"type":"Polygon","coordinates":[[[106.87242,-6.19196],[106.8649,-6.19265],[106.86316,-6.19317],[106.86062,-6.19464],[106.86298,-6.20047],[106.86406,-6.20031],[106.86423,-6.19862],[106.86727,-6.19834],[106.86748,-6.19891],[106.86876,-6.19788],[106.8691,-6.19865],[106.87029,-6.19905],[106.87096,-6.19781],[106.872,-6.19832],[106.8717,-6.1993],[106.87361,-6.19964],[106.87511,-6.1923],[106.87242,-6.19196]]]}},{"type":"Feature","properties":{"id":"31.75.01.1003","name":"Kayu Manis"},"geometry":{"type":"Polygon","coordinates":[[[106.86247,-6.20925],[106.86627,-6.20879],[106.86062,-6.19464],[106.85837,-6.19617],[106.85895,-6.19731],[106.85962,-6.19931],[106.86247,-6.20925]]]}},{"type":"Feature","properties":{"id":"31.75.01.1004","name":"Palmeriam"},"geometry":{"type":"Polygon","coordinates":[[[106.86351,-6.21151],[106.86265,-6.21012],[106.85962,-6.19931],[106.85895,-6.19731],[106.85837,-6.19617],[106.85388,-6.19942],[106.85694,-6.20262],[106.86079,-6.21202],[106.86186,-6.21158],[106.86267,-6.21152],[106.86413,-6.21209],[106.86351,-6.21151]]]}},{"type":"Feature","properties":{"id":"31.75.01.1005","name":"Kebon Manggis"},"geometry":{"type":"Polygon","coordinates":[[[106.85706,-6.20284],[106.85388,-6.19942],[106.85107,-6.20162],[106.85153,-6.20248],[106.85271,-6.20188],[106.85519,-6.20247],[106.85569,-6.20342],[106.85567,-6.20474],[106.85506,-6.20581],[106.85383,-6.20658],[106.85341,-6.20651],[106.85262,-6.20593],[106.85141,-6.20597],[106.85042,-6.20557],[106.85,-6.20558],[106.84937,-6.20624],[106.84906,-6.20758],[106.84957,-6.20775],[106.85101,-6.20896],[106.853,-6.20975],[106.85414,-6.21067],[106.85443,-6.21111],[106.85705,-6.2119],[106.8581,-6.21315],[106.86079,-6.21202],[106.85706,-6.20284]]]}},{"type":"Feature","properties":{"id":"31.75.01.1006","name":"Utan Kayu Selatan"},"geometry":{"type":"Polygon","coordinates":[[[106.8717,-6.1993],[106.872,-6.19832],[106.87096,-6.19781],[106.87029,-6.19905],[106.8691,-6.19865],[106.86876,-6.19788],[106.86748,-6.19891],[106.86727,-6.19834],[106.86423,-6.19862],[106.86406,-6.20031],[106.86298,-6.20047],[106.86627,-6.20881],[106.86751,-6.2086],[106.86782,-6.20836],[106.87025,-6.20868],[106.87155,-6.20921],[106.874,-6.20979],[106.87379,-6.20553],[106.87329,-6.20246],[106.87361,-6.19964],[106.8717,-6.1993]]]}},{"type":"Feature","properties":{"id":"31.75.02.1001","name":"Pulo Gadung"},"geometry":{"type":"MultiPolygon","coordinates":[[[[106.89679,-6.17806],[106.89626,-6.17785],[106.89436,-6.1761],[106.89284,-6.17834],[106.8922,-6.17984],[106.89155,-6.18231],[106.89122,-6.18548],[106.89114,-6.1888],[106.89758,-6.18774],[106.89821,-6.18746],[106.89868,-6.18756],[106.9015,-6.18692],[106.90351,-6.18671],[106.90408,-6.18641],[106.90603,-6.18629],[106.90986,-6.18279],[106.91018,-6.18232],[106.9069,-6.18065],[106.90678,-6.1806],[106.90659,-6.18053],[106.90499,-6.17993],[106.90188,-6.17872],[106.90157,-6.17861],[106.89871,-6.17813],[106.89679,-6.17806]]],[[[106.90685,-6.18063],[106.90659,-6.18053],[106.90659,-6.18053],[106.90685,-6.18063]]]]}},{"type":"Feature","properties":{"id":"31.75.02.1002","name":"Pisangan Timur"},"geometry":{"type":"Polygon","coordinates":[[[106.8811,-6.20195],[106.8796,-6.20196],[106.87938,-6.20214],[106.87861,-6.20215],[106.87763,-6.20265],[106.87643,-6.20259],[106.87624,-6.20281],[106.87565,-6.20278],[106.87538,-6.20348],[106.87341,-6.20348],[106.87384,-6.20603],[106.87423,-6.21491],[106.88738,-6.21411],[106.88807,-6.21396],[106.8893,-6.21209],[106.8884,-6.21173],[106.88471,-6.2118],[106.88472,-6.20948],[106.88487,-6.20937],[106.88491,-6.20816],[106.88586,-6.20703],[106.88597,-6.20197],[106.88353,-6.20224],[106.8811,-6.20195]]]}},{"type":"Feature","properties":{"id":"31.75.02.1003","name":"Cipinang"},"geometry":{"type":"Polygon","coordinates":[[[106.88843,-6.20194],[106.88597,-6.20197],[106.88586,-6.20703],[106.88491,-6.20816],[106.88487,-6.20937],[106.88472,-6.20948],[106.88471,-6.2118],[106.8884,-6.21173],[106.8893,-6.21209],[106.88807,-6.21396],[106.89119,-6.21319],[106.89576,-6.2132],[106.8958,-6.21251],[106.89721,-6.21119],[106.89766,-6.21041],[106.89755,-6.21021],[106.89692,-6.2102],[106.89674,-6.21001],[106.89693,-6.20883],[106.89672,-6.20785],[106.89712,-6.20727],[106.89665,-6.2054],[106.89709,-6.20374],[106.89775,-6.20261],[106.88843,-6.20194]]]}},{"type":"Feature","properties":{"id":"31.75.02.1004","name":"Jatinegara Kaum"},"geometry":{"type":"Polygon","coordinates":[[[106.90461,-6.20209],[106.90588,-6.19192],[106.90646,-6.1893],[106.90581,-6.18687],[106.90603,-6.18629],[106.90515,-6.18635],[106.90495,-6.1869],[106.9051,-6.18792],[106.90459,-6.18923],[106.90431,-6.1915],[106.90315,-6.19206],[106.90188,-6.1923],[106.90165,-6.19376],[106.90235,-6.19465],[106.90259,-6.19545],[106.90216,-6.19616],[106.90142,-6.19644],[106.90122,-6.19803],[106.90166,-6.19882],[106.90115,-6.19995],[106.90074,-6.20041],[106.90099,-6.20109],[106.90089,-6.20158],[106.90016,-6.20204],[106.89821,-6.20216],[106.89747,-6.20301],[106.89705,-6.20383],[106.89665,-6.20532],[106.89712,-6.20727],[106.89672,-6.20785],[106.89693,-6.20883],[106.89674,-6.21001],[106.89692,-6.2102],[106.89755,-6.21021],[106.89766,-6.21041],[106.89721,-6.21119],[106.8958,-6.21251],[106.89576,-6.2132],[106.90085,-6.2133],[106.90237,-6.20699],[106.90461,-6.20209]]]}},{"type":"Feature","properties":{"id":"31.75.02.1005","name":"Rawamangun"},"geometry":{"type":"Polygon","coordinates":[[[106.878,-6.18934],[106.87545,-6.18823],[106.87519,-6.1918],[106.87336,-6.20089],[106.87341,-6.20348],[106.87538,-6.20348],[106.87565,-6.20278],[106.87624,-6.20281],[106.87643,-6.20259],[106.87763,-6.20265],[106.87861,-6.20215],[106.88094,-6.20185],[106.88353,-6.20224],[106.88724,-6.20189],[106.89029,-6.20206],[106.89054,-6.20085],[106.89015,-6.19953],[106.89015,-6.19877],[106.89117,-6.19686],[106.89114,-6.1888],[106.88234,-6.19011],[106.88149,-6.18984],[106.88111,-6.18873],[106.88017,-6.18878],[106.87934,-6.1892],[106.878,-6.18934]]]}},{"type":"Feature","properties":{"id":"31.75.02.1006","name":"Kayu Putih"},"geometry":{"type":"Polygon","coordinates":[[[106.89436,-6.1761],[106.891,-6.17313],[106.88212,-6.1677],[106.88022,-6.16668],[106.8789,-6.16642],[106.87795,-6.16872],[106.87615,-6.17569],[106.87545,-6.18823],[106.878,-6.18934],[106.87934,-6.1892],[106.88017,-6.18878],[106.88111,-6.18873],[106.88139,-6.18972],[106.8821,-6.19011],[106.89114,-6.1888],[106.89126,-6.18485],[106.89172,-6.18153],[106.89284,-6.17834],[106.89436,-6.1761]]]}},{"type":"Feature","properties":{"id":"31.75.02.1007","name":"Jati"},"geometry":{"type":"Polygon","coordinates":[[[106.90514,-6.18641],[106.90408,-6.18641],[106.90351,-6.18671],[106.9015,-6.18692],[106.89868,-6.18756],[106.89821,-6.18746],[106.89758,-6.18774],[106.89114,-6.1888],[106.89117,-6.19686],[106.89015,-6.19877],[106.89015,-6.19953],[106.89054,-6.20085],[106.89029,-6.20206],[106.89775,-6.20261],[106.89828,-6.20214],[106.90007,-6.20205],[106.90078,-6.20173],[106.90099,-6.20117],[106.90076,-6.20034],[106.90115,-6.19995],[106.90166,-6.19882],[106.90122,-6.19803],[106.90142,-6.19644],[106.90216,-6.19616],[106.90258,-6.19553],[106.90239,-6.19472],[106.90165,-6.19376],[106.90186,-6.19235],[106.90323,-6.19203],[106.90435,-6.19143],[106.90459,-6.18923],[106.9051,-6.18792],[106.90491,-6.18709],[106.90514,-6.18641]]]}},{"type":"Feature","properties":{"id":"31.75.03.1001","name":"Kampung Melayu"},"geometry":{"type":"Polygon","coordinates":[[[106.8621,-6.21459],[106.86073,-6.21205],[106.8581,-6.21315],[106.85826,-6.21367],[106.85734,-6.21389],[106.85682,-6.21467],[106.85629,-6.21621],[106.85633,-6.21658],[106.85707,-6.21745],[106.85751,-6.21765],[106.85787,-6.21749],[106.85866,-6.21629],[106.86023,-6.21733],[106.86076,-6.21723],[106.86265,-6.21618],[106.86349,-6.21625],[106.8635,-6.2166],[106.86228,-6.21773],[106.861,-6.21946],[106.86014,-6.22096],[106.86009,-6.22138],[106.86077,-6.22179],[106.86159,-6.22162],[106.86181,-6.22119],[106.86144,-6.22044],[106.86153,-6.22005],[106.86192,-6.21972],[106.86294,-6.21967],[106.86358,-6.22115],[106.86522,-6.22321],[106.86542,-6.22371],[106.86516,-6.22439],[106.8638,-6.22459],[106.86365,-6.22506],[106.86644,-6.22464],[106.8654,-6.22125],[106.86423,-6.21854],[106.86392,-6.21641],[106.8621,-6.21459]]]}},{"type":"Feature","properties":{"id":"31.75.03.1002","name":"Bidara Cina"},"geometry":{"type":"Polygon","coordinates":[[[106.86807,-6.22697],[106.86714,-6.22656],[106.86689,-6.22548],[106.86644,-6.22464],[106.86365,-6.22506],[106.86472,-6.22693],[106.86486,-6.22832],[106.86469,-6.22887],[106.86371,-6.22996],[106.86331,-6.23088],[106.86352,-6.23132],[106.8652,-6.23241],[106.86632,-6.23407],[106.86634,-6.23475],[106.86601,-6.23492],[106.86537,-6.23483],[106.8652,-6.23514],[106.86542,-6.23566],[106.86642,-6.23681],[106.86691,-6.23823],[106.86689,-6.23873],[106.8667,-6.23925],[106.86627,-6.23903],[106.86524,-6.23681],[106.86457,-6.23684],[106.86377,-6.23727],[106.86324,-6.23832],[106.86276,-6.24],[106.86252,-6.24129],[106.86251,-6.24311],[106.86505,-6.24332],[106.86938,-6.24481],[106.87033,-6.24167],[106.87029,-6.24061],[106.86994,-6.23916],[106.86967,-6.23152],[106.86979,-6.22977],[106.87049,-6.22683],[106.86807,-6.22697]]]}},{"type":"Feature","properties":{"id":"31.75.03.1003","name":"Bali Mester"},"geometry":{"type":"Polygon","coordinates":[[[106.86609,-6.21496],[106.86369,-6.21253],[106.86234,-6.21152],[106.86073,-6.21205],[106.86203,-6.2145],[106.86392,-6.21641],[106.86423,-6.21854],[106.8654,-6.22125],[106.86714,-6.22656],[106.86812,-6.22697],[106.87049,-6.22683],[106.87061,-6.22574],[106.86846,-6.21896],[106.86673,-6.21521],[106.86609,-6.21496]]]}},{"type":"Feature","properties":{"id":"31.75.03.1004","name":"Rawa Bunga"},"geometry":{"type":"Polygon","coordinates":[[[106.86757,-6.21497],[106.86694,-6.21471],[106.86413,-6.21209],[106.86318,-6.21161],[106.86234,-6.21152],[106.86375,-6.21258],[106.86609,-6.21496],[106.86681,-6.21534],[106.86846,-6.21896],[106.8698,-6.22293],[106.87063,-6.22581],[106.87049,-6.22683],[106.87521,-6.22661],[106.87455,-6.2221],[106.87423,-6.21491],[106.86757,-6.21497]]]}},{"type":"Feature","properties":{"id":"31.75.03.1005","name":"Cipinang Cempedak"},"geometry":{"type":"Polygon","coordinates":[[[106.8752,-6.22661],[106.87046,-6.22692],[106.86974,-6.23006],[106.86967,-6.23152],[106.86994,-6.23916],[106.87029,-6.24061],[106.87033,-6.24167],[106.86938,-6.24481],[106.8718,-6.24562],[106.87528,-6.24639],[106.87625,-6.24413],[106.87723,-6.243],[106.87808,-6.23913],[106.87788,-6.23762],[106.8752,-6.22661]]]}},{"type":"Feature","properties":{"id":"31.75.03.1006","name":"Cipinang Muara"},"geometry":{"type":"Polygon","coordinates":[[[106.89589,-6.21689],[106.89615,-6.2161],[106.8959,-6.21544],[106.89576,-6.2132],[106.89119,-6.21319],[106.88671,-6.21416],[106.88724,-6.21856],[106.88369,-6.22701],[106.88384,-6.22706],[106.88259,-6.23009],[106.88311,-6.23073],[106.8833,-6.23424],[106.88411,-6.23423],[106.88426,-6.23506],[106.88534,-6.23523],[106.88537,-6.23774],[106.88322,-6.23793],[106.88357,-6.23975],[106.88975,-6.23945],[106.89216,-6.23952],[106.89222,-6.23886],[106.89281,-6.23804],[106.89272,-6.23779],[106.89223,-6.23755],[106.8922,-6.23722],[106.89296,-6.23643],[106.89282,-6.23576],[106.89295,-6.23537],[106.89255,-6.2352],[106.89216,-6.23583],[106.89204,-6.23579],[106.89184,-6.23506],[106.89208,-6.23465],[106.89145,-6.23242],[106.89005,-6.23117],[106.89001,-6.22971],[106.89026,-6.22923],[106.89081,-6.22877],[106.89168,-6.22846],[106.89131,-6.22795],[106.89144,-6.2273],[106.89198,-6.22674],[106.89264,-6.22664],[106.89284,-6.22644],[106.89308,-6.22555],[106.89344,-6.2252],[106.89327,-6.2249],[106.89366,-6.22264],[106.8946,-6.22176],[106.89569,-6.22133],[106.89615,-6.2196],[106.89585,-6.21881],[106.89517,-6.21847],[106.89503,-6.21801],[106.89524,-6.21706],[106.89589,-6.21689]]]}},{"type":"Feature","properties":{"id":"31.75.03.1007","name":"Cipinang Besar Selatan"},"geometry":{"type":"Polygon","coordinates":[[[106.88259,-6.23009],[106.88724,-6.21856],[106.88714,-6.21766],[106.88598,-6.21788],[106.8856,-6.21813],[106.88564,-6.21928],[106.88518,-6.22016],[106.88475,-6.22018],[106.88396,-6.21968],[106.88373,-6.22012],[106.88333,-6.21996],[106.88211,-6.22007],[106.88178,-6.22072],[106.88083,-6.22048],[106.88075,-6.22068],[106.88098,-6.22116],[106.8809,-6.22205],[106.87978,-6.2229],[106.87978,-6.22333],[106.87909,-6.22334],[106.87875,-6.22288],[106.87833,-6.22283],[106.87811,-6.22319],[106.87745,-6.22355],[106.87736,-6.22452],[106.87649,-6.22548],[106.87635,-6.22623],[106.87513,-6.22615],[106.87798,-6.23808],[106.87795,-6.24006],[106.88357,-6.23975],[106.88322,-6.23793],[106.88537,-6.23774],[106.88534,-6.23523],[106.88426,-6.23506],[106.88411,-6.23423],[106.8833,-6.23424],[106.88311,-6.23073],[106.88259,-6.23009]]]}},{"type":"Feature","properties":{"id":"31.75.03.1008","name":"Cipinang Besar Utara"},"geometry":{"type":"Polygon","coordinates":[[[106.8851,-6.22018],[106.88565,-6.2192],[106.88564,-6.21808],[106.88714,-6.21766],[106.88671,-6.21416],[106.87423,-6.21491],[106.87455,-6.2221],[106.87513,-6.22615],[106.87635,-6.22623],[106.87649,-6.22548],[106.87736,-6.22452],[106.87745,-6.22355],[106.87811,-6.22319],[106.87833,-6.22283],[106.87875,-6.22288],[106.87909,-6.22334],[106.87978,-6.22333],[106.87978,-6.2229],[106.8809,-6.22205],[106.88098,-6.22116],[106.88075,-6.22068],[106.88083,-6.22048],[106.88178,-6.22072],[106.88211,-6.22007],[106.88333,-6.21996],[106.88373,-6.22012],[106.88396,-6.21968],[106.88475,-6.22018],[106.8851,-6.22018]]]}},{"type":"Feature","properties":{"id":"31.75.04.1001","name":"Kramatjati"},"geometry":{"type":"Polygon","coordinates":[[[106.8749,-6.27999],[106.87357,-6.27664],[106.87283,-6.27363],[106.87262,-6.2703],[106.87301,-6.26701],[106.87299,-6.26476],[106.86572,-6.26324],[106.86557,-6.26412],[106.86597,-6.26808],[106.86723,-6.27021],[106.86691,-6.27157],[106.86696,-6.27419],[106.86717,-6.27497],[106.86793,-6.27627],[106.86866,-6.27708],[106.86924,-6.27853],[106.87016,-6.27933],[106.8711,-6.28097],[106.87183,-6.2818],[106.87069,-6.28587],[106.87065,-6.287],[106.8721,-6.28743],[106.87227,-6.28715],[106.87278,-6.28729],[106.87307,-6.2867],[106.87349,-6.28643],[106.87411,-6.28638],[106.87435,-6.28595],[106.8747,-6.28588],[106.87474,-6.2853],[106.87613,-6.28468],[106.87607,-6.28411],[106.87459,-6.28051],[106.87458,-6.28022],[106.8749,-6.27999]]]}},{"type":"Feature","properties":{"id":"31.75.04.1002","name":"Tengah"},"geometry":{"type":"Polygon","coordinates":[[[106.87069,-6.28587],[106.87183,-6.2818],[106.8711,-6.28097],[106.87016,-6.27933],[106.86934,-6.27866],[106.86826,-6.279],[106.86851,-6.27958],[106.86815,-6.28061],[106.86821,-6.2817],[106.86786,-6.28246],[106.86679,-6.28196],[106.86377,-6.28154],[106.8639,-6.28255],[106.86437,-6.28371],[106.86414,-6.28446],[106.86351,-6.28476],[106.86301,-6.28465],[106.86283,-6.28569],[106.86231,-6.28616],[106.86239,-6.28639],[106.8609,-6.28682],[106.8607,-6.28634],[106.85976,-6.28631],[106.85924,-6.28721],[106.85897,-6.28839],[106.85899,-6.28896],[106.86015,-6.29007],[106.86026,-6.29106],[106.85945,-6.29246],[106.85963,-6.29302],[106.86028,-6.29387],[106.86039,-6.294],[106.86156,-6.29369],[106.86228,-6.29373],[106.86252,-6.29406],[106.86487,-6.29393],[106.86498,-6.29461],[106.86527,-6.2946],[106.86535,-6.29599],[106.86553,-6.29602],[106.86566,-6.29646],[106.86551,-6.29794],[106.86696,-6.29833],[106.86675,-6.29917],[106.86792,-6.29944],[106.86921,-6.30013],[106.87028,-6.29885],[106.87099,-6.2975],[106.87202,-6.29357],[106.87175,-6.29204],[106.87094,-6.28957],[106.87063,-6.28763],[106.87069,-6.28587]]]}},{"type":"Feature","properties":{"id":"31.75.04.1003","name":"Dukuh"},"geometry":{"type":"Polygon","coordinates":[[[106.88235,-6.29807],[106.87492,-6.28003],[106.87469,-6.28013],[106.87459,-6.28051],[106.87607,-6.28411],[106.87613,-6.28468],[106.87474,-6.2853],[106.8747,-6.28588],[106.87435,-6.28595],[106.87411,-6.28638],[106.87349,-6.28643],[106.87307,-6.2867],[106.87278,-6.28729],[106.87222,-6.28716],[106.87173,-6.28817],[106.87213,-6.28904],[106.87287,-6.28964],[106.87329,-6.29089],[106.87349,-6.29088],[106.87409,-6.2915],[106.87363,-6.29207],[106.87329,-6.29202],[106.87309,-6.29267],[106.87371,-6.29291],[106.87354,-6.29375],[106.87378,-6.29466],[106.87476,-6.29469],[106.87524,-6.29504],[106.87518,-6.29583],[106.87463,-6.29597],[106.87414,-6.2964],[106.87437,-6.29715],[106.87383,-6.29721],[106.87382,-6.29751],[106.87409,-6.29802],[106.87381,-6.29825],[106.8731,-6.29826],[106.87304,-6.29868],[106.87269,-6.29902],[106.87304,-6.29943],[106.873,-6.30026],[106.87361,-6.3007],[106.87389,-6.30024],[106.87454,-6.29991],[106.87452,-6.30055],[106.87475,-6.30066],[106.87451,-6.30111],[106.87465,-6.30162],[106.87539,-6.30199],[106.87591,-6.30166],[106.87716,-6.30228],[106.87739,-6.30364],[106.87817,-6.30408],[106.8782,-6.3051],[106.87877,-6.30512],[106.8792,-6.30538],[106.87928,-6.30641],[106.88226,-6.30572],[106.88416,-6.30559],[106.88235,-6.29807]]]}},{"type":"Feature","properties":{"id":"31.75.04.1004","name":"Batu Ampar"},"geometry":{"type":"Polygon","coordinates":[[[106.86723,-6.27021],[106.866,-6.26817],[106.8658,-6.26822],[106.86586,-6.26881],[106.86483,-6.2686],[106.86476,-6.26905],[106.86438,-6.26916],[106.86391,-6.26914],[106.86381,-6.26892],[106.85913,-6.26917],[106.85515,-6.27728],[106.85499,-6.27818],[106.85572,-6.29283],[106.85656,-6.29257],[106.85785,-6.29256],[106.85785,-6.29223],[106.85947,-6.29224],[106.86026,-6.29095],[106.86014,-6.29],[106.85893,-6.28882],[106.85924,-6.28721],[106.85976,-6.28631],[106.8607,-6.28634],[106.8609,-6.28682],[106.86239,-6.28639],[106.86231,-6.28616],[106.86283,-6.28569],[106.86301,-6.28465],[106.86351,-6.28476],[106.86409,-6.28453],[106.86437,-6.28371],[106.8639,-6.28255],[106.86377,-6.28154],[106.86679,-6.28196],[106.86786,-6.28246],[106.86811,-6.28198],[106.86815,-6.28061],[106.86851,-6.27953],[106.86826,-6.279],[106.86934,-6.27866],[106.86866,-6.27708],[106.86793,-6.27627],[106.86711,-6.27478],[106.86691,-6.27157],[106.86723,-6.27021]]]}},{"type":"Feature","properties":{"id":"31.75.04.1005","name":"Balekambang"},"geometry":{"type":"Polygon","coordinates":[[[106.85986,-6.26775],[106.85561,-6.26758],[106.85584,-6.26859],[106.85656,-6.27012],[106.85639,-6.27053],[106.85591,-6.27047],[106.85522,-6.2696],[106.85485,-6.26985],[106.85495,-6.27065],[106.85656,-6.27177],[106.85671,-6.27266],[106.85541,-6.27258],[106.85437,-6.27192],[106.85366,-6.2719],[106.85336,-6.2733],[106.85187,-6.2732],[106.85133,-6.2736],[106.85132,-6.27395],[106.85198,-6.27515],[106.85189,-6.2758],[106.85157,-6.27636],[106.85063,-6.27675],[106.84935,-6.27654],[106.84852,-6.27761],[106.84698,-6.27871],[106.84679,-6.27903],[106.84699,-6.27952],[106.84769,-6.28001],[106.8494,-6.27961],[106.8504,-6.27964],[106.85023,-6.28001],[106.84943,-6.28053],[106.84765,-6.28282],[106.84779,-6.28341],[106.84864,-6.28335],[106.84885,-6.28355],[106.84869,-6.28394],[106.84773,-6.2848],[106.84735,-6.28559],[106.84747,-6.28667],[106.84833,-6.288],[106.84937,-6.28856],[106.84983,-6.28845],[106.85016,-6.28798],[106.85046,-6.28789],[106.85125,-6.28839],[106.85086,-6.28971],[106.84939,-6.29035],[106.85016,-6.29262],[106.85119,-6.29296],[106.8515,-6.29244],[106.85182,-6.29112],[106.85259,-6.29094],[106.85378,-6.29026],[106.85419,-6.29022],[106.85452,-6.29045],[106.85431,-6.29159],[106.85259,-6.2936],[106.85226,-6.29428],[106.85234,-6.29472],[106.85313,-6.29398],[106.85376,-6.29368],[106.85417,-6.29386],[106.85438,-6.29442],[106.85458,-6.29434],[106.85453,-6.29351],[106.8552,-6.29345],[106.85556,-6.29424],[106.85585,-6.29444],[106.855,-6.2778],[106.85986,-6.26775]]]}},{"type":"Feature","properties":{"id":"31.75.04.1006","name":"Cililitan"},"geometry":{"type":"Polygon","coordinates":[[[106.87241,-6.25675],[106.87195,-6.25618],[106.87122,-6.25571],[106.87017,-6.25752],[106.86951,-6.25819],[106.86802,-6.25802],[106.86798,-6.25626],[106.86538,-6.2561],[106.86483,-6.25588],[106.86356,-6.25592],[106.86357,-6.25703],[106.86383,-6.25811],[106.86039,-6.2582],[106.85957,-6.2619],[106.85913,-6.26293],[106.85671,-6.26282],[106.85524,-6.26175],[106.85435,-6.26218],[106.85429,-6.26245],[106.85458,-6.26279],[106.85703,-6.26371],[106.85717,-6.26394],[106.85674,-6.2643],[106.85432,-6.26465],[106.85399,-6.26492],[106.85399,-6.26526],[106.85531,-6.26613],[106.85561,-6.26758],[106.85672,-6.26747],[106.85984,-6.26774],[106.85913,-6.26917],[106.86381,-6.26892],[106.86391,-6.26914],[106.86435,-6.26917],[106.86476,-6.26905],[106.86483,-6.2686],[106.86586,-6.26881],[106.8658,-6.26822],[106.866,-6.26817],[106.86557,-6.26412],[106.86572,-6.26324],[106.87299,-6.26476],[106.87322,-6.25943],[106.87265,-6.25673],[106.87241,-6.25675]]]}},{"type":"Feature","properties":{"id":"31.75.04.1007","name":"Cawang"},"geometry":{"type":"Polygon","coordinates":[[[106.87246,-6.25408],[106.87274,-6.25307],[106.87346,-6.25179],[106.87359,-6.25067],[106.87528,-6.24639],[106.87083,-6.24533],[106.86553,-6.24344],[106.86272,-6.2431],[106.86251,-6.24311],[106.86251,-6.24413],[106.86205,-6.2454],[106.86201,-6.24628],[106.86257,-6.24745],[106.86401,-6.24942],[106.86381,-6.24971],[106.86235,-6.2503],[106.86219,-6.25059],[106.86216,-6.25103],[106.8629,-6.253],[106.86279,-6.25345],[106.86213,-6.25393],[106.86143,-6.2541],[106.86114,-6.25398],[106.86062,-6.25142],[106.86044,-6.25109],[106.86006,-6.251],[106.85908,-6.25144],[106.85804,-6.25242],[106.85752,-6.25421],[106.85758,-6.25501],[106.85779,-6.25531],[106.85947,-6.25436],[106.86056,-6.25476],[106.86075,-6.25523],[106.86063,-6.25565],[106.85949,-6.2564],[106.85928,-6.25682],[106.85955,-6.25705],[106.86034,-6.25703],[106.86053,-6.25744],[106.86039,-6.2582],[106.86096,-6.25826],[106.86383,-6.25811],[106.86357,-6.25703],[106.86356,-6.25592],[106.8648,-6.25588],[106.86547,-6.25612],[106.86798,-6.25626],[106.86802,-6.25802],[106.86966,-6.25819],[106.87122,-6.25571],[106.87195,-6.25618],[106.87242,-6.25678],[106.87263,-6.25674],[106.87238,-6.25539],[106.87246,-6.25408]]]}},{"type":"Feature","properties":{"id":"31.75.05.1001","name":"Gedong"},"geometry":{"type":"Polygon","coordinates":[[[106.85947,-6.29224],[106.85785,-6.29223],[106.85785,-6.29256],[106.85656,-6.29257],[106.85572,-6.29283],[106.85585,-6.29444],[106.85556,-6.29424],[106.8552,-6.29345],[106.85453,-6.29351],[106.85458,-6.29434],[106.85438,-6.29442],[106.85423,-6.29617],[106.8517,-6.2956],[106.85049,-6.29594],[106.85027,-6.29635],[106.85044,-6.29673],[106.85216,-6.29784],[106.85215,-6.29896],[106.8516,-6.29937],[106.85054,-6.29874],[106.84988,-6.29872],[106.8496,-6.29897],[106.84989,-6.29978],[106.85159,-6.30111],[106.85202,-6.30095],[106.8525,-6.29992],[106.85471,-6.2995],[106.85504,-6.30133],[106.85443,-6.30251],[106.85463,-6.30308],[106.85525,-6.30368],[106.85802,-6.30492],[106.85848,-6.30533],[106.85852,-6.30579],[106.8574,-6.3064],[106.85771,-6.30786],[106.85704,-6.30884],[106.85677,-6.31022],[106.85714,-6.31064],[106.85813,-6.31061],[106.85871,-6.31168],[106.85864,-6.31307],[106.85723,-6.31434],[106.85813,-6.31462],[106.85848,-6.31558],[106.85941,-6.31486],[106.86064,-6.31324],[106.86129,-6.31311],[106.86173,-6.31181],[106.86225,-6.31145],[106.86231,-6.31035],[106.86325,-6.30911],[106.86597,-6.30416],[106.86921,-6.30013],[106.86792,-6.29944],[106.86675,-6.29917],[106.86696,-6.29833],[106.86551,-6.29794],[106.86566,-6.29646],[106.86553,-6.29602],[106.86535,-6.29599],[106.86527,-6.2946],[106.86498,-6.29461],[106.86487,-6.29393],[106.86252,-6.29406],[106.86228,-6.29373],[106.86152,-6.29369],[106.86039,-6.294],[106.85963,-6.29302],[106.85947,-6.29224]]]}},{"type":"Feature","properties":{"id":"31.75.05.1002","name":"Baru"},"geometry":{"type":"Polygon","coordinates":[[[106.84857,-6.31697],[106.84897,-6.31561],[106.84866,-6.31515],[106.84812,-6.31505],[106.84702,-6.3158],[106.84622,-6.31696],[106.84585,-6.31697],[106.84483,-6.31649],[106.84434,-6.31658],[106.84411,-6.31694],[106.84407,-6.31803],[106.84369,-6.31845],[106.84332,-6.31846],[106.84283,-6.31805],[106.84237,-6.318],[106.84011,-6.31849],[106.83939,-6.31914],[106.83841,-6.32054],[106.83834,-6.32121],[106.83895,-6.32164],[106.84,-6.32151],[106.84056,-6.3212],[106.84088,-6.32129],[106.84087,-6.32178],[106.84006,-6.32205],[106.84001,-6.32265],[106.84143,-6.32346],[106.84305,-6.32569],[106.8432,-6.3266],[106.84287,-6.32726],[106.84251,-6.3276],[106.84208,-6.3276],[106.84179,-6.32737],[106.84157,-6.32672],[106.84133,-6.32669],[106.84021,-6.32931],[106.84184,-6.33087],[106.84312,-6.33119],[106.8434,-6.33137],[106.84344,-6.33168],[106.84518,-6.33164],[106.84532,-6.33138],[106.84572,-6.33139],[106.84557,-6.33043],[106.84603,-6.33025],[106.84608,-6.33076],[106.84666,-6.33079],[106.84726,-6.33033],[106.84726,-6.32982],[106.84809,-6.32996],[106.8482,-6.32979],[106.84921,-6.32987],[106.84987,-6.32971],[106.85436,-6.33004],[106.85441,-6.32978],[106.85493,-6.33004],[106.85554,-6.32734],[106.85592,-6.32661],[106.85553,-6.32639],[106.85462,-6.32655],[106.85443,-6.32588],[106.85492,-6.32541],[106.85496,-6.32478],[106.85383,-6.32441],[106.85363,-6.32378],[106.85245,-6.3235],[106.85246,-6.32318],[106.8517,-6.32309],[106.85169,-6.32251],[106.85141,-6.32213],[106.85187,-6.32183],[106.85181,-6.32123],[106.85039,-6.32001],[106.84996,-6.32039],[106.84914,-6.31951],[106.84913,-6.31875],[106.84814,-6.31832],[106.84693,-6.31815],[106.84687,-6.31788],[106.84704,-6.31763],[106.84808,-6.31757],[106.84857,-6.31697]]]}},{"type":"Feature","properties":{"id":"31.75.05.1003","name":"Cijantung"},"geometry":{"type":"Polygon","coordinates":[[[106.85508,-6.31387],[106.85476,-6.31362],[106.85474,-6.3125],[106.85458,-6.31229],[106.8528,-6.31095],[106.85243,-6.311],[106.8522,-6.31261],[106.85126,-6.31437],[106.85177,-6.31606],[106.84949,-6.31753],[106.84941,-6.31853],[106.84913,-6.31875],[106.84914,-6.31951],[106.84996,-6.32039],[106.85039,-6.32001],[106.85181,-6.32123],[106.85187,-6.32183],[106.85141,-6.32213],[106.85169,-6.32251],[106.8517,-6.32309],[106.85246,-6.32318],[106.85245,-6.3235],[106.85363,-6.32378],[106.85383,-6.32441],[106.85503,-6.32484],[106.85492,-6.32541],[106.85443,-6.32588],[106.85462,-6.32655],[106.85553,-6.32639],[106.85592,-6.32661],[106.85535,-6.32821],[106.85692,-6.32849],[106.85673,-6.32958],[106.85825,-6.33003],[106.85849,-6.32969],[106.85877,-6.32987],[106.85902,-6.32957],[106.85974,-6.32988],[106.85991,-6.32956],[106.86051,-6.32988],[106.86117,-6.32914],[106.86183,-6.32977],[106.86219,-6.33081],[106.86226,-6.33126],[106.86183,-6.3317],[106.86197,-6.33246],[106.86241,-6.33248],[106.86243,-6.33279],[106.86342,-6.33284],[106.86368,-6.33318],[106.86432,-6.3328],[106.86486,-6.33306],[106.86526,-6.33282],[106.86733,-6.33272],[106.86726,-6.33199],[106.86651,-6.33038],[106.86443,-6.3283],[106.86361,-6.32682],[106.86361,-6.32591],[106.86475,-6.32199],[106.86494,-6.32072],[106.86405,-6.31737],[106.86273,-6.31421],[106.86225,-6.31145],[106.86173,-6.31181],[106.86127,-6.31313],[106.86064,-6.31324],[106.85941,-6.31486],[106.85848,-6.31558],[106.85813,-6.31462],[106.85723,-6.31434],[106.85867,-6.31299],[106.8588,-6.31197],[106.85836,-6.31102],[106.85789,-6.31181],[106.85552,-6.3138],[106.85508,-6.31387]]]}},{"type":"Feature","properties":{"id":"31.75.05.1004","name":"Kalisari"},"geometry":{"type":"Polygon","coordinates":[[[106.85825,-6.33003],[106.85673,-6.32958],[106.85692,-6.32849],[106.85535,-6.32821],[106.85493,-6.33004],[106.85441,-6.32978],[106.85436,-6.33004],[106.84987,-6.32971],[106.84921,-6.32987],[106.8482,-6.32979],[106.84809,-6.32996],[106.84779,-6.3298],[106.84726,-6.32982],[106.84726,-6.33033],[106.84666,-6.33079],[106.84608,-6.33076],[106.84603,-6.33025],[106.84557,-6.33043],[106.84572,-6.33139],[106.84532,-6.33138],[106.84518,-6.33164],[106.84344,-6.33168],[106.84307,-6.33198],[106.84193,-6.33227],[106.84012,-6.33219],[106.83981,-6.3334],[106.83978,-6.33543],[106.84006,-6.33589],[106.84162,-6.33605],[106.84178,-6.3362],[106.84179,-6.33683],[106.84369,-6.33677],[106.84375,-6.33703],[106.84901,-6.33694],[106.84898,-6.3377],[106.84864,-6.33787],[106.84806,-6.33777],[106.84798,-6.33802],[106.84944,-6.33852],[106.84922,-6.339],[106.8493,-6.33929],[106.84987,-6.33979],[106.85005,-6.3403],[106.85059,-6.34094],[106.85156,-6.3413],[106.85173,-6.34218],[106.85207,-6.34285],[106.85398,-6.34291],[106.85394,-6.34331],[106.85415,-6.3436],[106.85449,-6.34371],[106.85466,-6.34346],[106.85503,-6.34349],[106.85577,-6.34402],[106.85812,-6.34384],[106.85789,-6.34234],[106.85746,-6.34164],[106.85821,-6.34152],[106.85837,-6.34042],[106.8593,-6.34084],[106.8594,-6.34036],[106.85977,-6.34014],[106.8604,-6.33863],[106.86178,-6.3392],[106.86202,-6.33836],[106.86231,-6.33486],[106.86272,-6.33479],[106.8627,-6.33352],[106.86239,-6.33334],[106.86242,-6.33249],[106.86197,-6.33246],[106.86184,-6.33163],[106.86226,-6.33126],[106.86183,-6.32977],[106.86117,-6.32914],[106.86051,-6.32988],[106.85991,-6.32956],[106.85974,-6.32988],[106.85902,-6.32957],[106.85877,-6.32987],[106.85849,-6.32969],[106.85825,-6.33003]]]}},{"type":"Feature","properties":{"id":"31.75.05.1005","name":"Pekayon"},"geometry":{"type":"Polygon","coordinates":[[[106.86733,-6.33275],[106.86526,-6.33282],[106.86486,-6.33306],[106.86432,-6.3328],[106.86368,-6.33318],[106.86342,-6.33284],[106.86243,-6.33279],[106.86239,-6.33334],[106.8627,-6.33348],[106.86272,-6.33479],[106.86231,-6.33486],[106.86202,-6.33836],[106.86178,-6.3392],[106.8604,-6.33863],[106.85977,-6.34014],[106.8594,-6.34036],[106.8593,-6.34084],[106.85837,-6.34042],[106.85821,-6.34152],[106.85746,-6.34164],[106.85789,-6.34234],[106.85812,-6.34384],[106.85577,-6.34402],[106.85504,-6.34349],[106.85466,-6.34346],[106.85449,-6.34371],[106.85481,-6.34415],[106.85482,-6.3445],[106.85396,-6.34532],[106.85423,-6.34605],[106.8541,-6.34642],[106.85453,-6.34689],[106.85645,-6.34759],[106.85674,-6.34708],[106.85781,-6.34808],[106.85754,-6.35018],[106.85716,-6.35058],[106.85747,-6.35078],[106.85831,-6.35081],[106.8583,-6.3503],[106.85913,-6.3503],[106.85912,-6.35099],[106.8596,-6.35179],[106.86013,-6.35189],[106.86062,-6.35278],[106.86113,-6.35257],[106.86213,-6.35408],[106.86065,-6.35494],[106.86056,-6.35541],[106.86226,-6.35721],[106.86276,-6.35627],[106.86608,-6.35604],[106.86641,-6.35549],[106.86683,-6.35538],[106.86785,-6.35446],[106.86797,-6.35389],[106.8678,-6.35376],[106.86795,-6.35345],[106.86823,-6.35343],[106.86837,-6.35301],[106.86903,-6.35364],[106.86934,-6.35319],[106.86946,-6.35179],[106.86976,-6.35181],[106.86976,-6.35157],[106.86932,-6.3516],[106.86915,-6.35127],[106.86851,-6.35114],[106.86879,-6.3501],[106.8693,-6.35],[106.86937,-6.34981],[106.86871,-6.34853],[106.86908,-6.3485],[106.86962,-6.34808],[106.86984,-6.3482],[106.86985,-6.34758],[106.86961,-6.34709],[106.87039,-6.34704],[106.87045,-6.34673],[106.87014,-6.3464],[106.87124,-6.34599],[106.87139,-6.34566],[106.87176,-6.34591],[106.8733,-6.3438],[106.87299,-6.34345],[106.87263,-6.34371],[106.87221,-6.34352],[106.87213,-6.34321],[106.87254,-6.34208],[106.87208,-6.34176],[106.87209,-6.34109],[106.87135,-6.34103],[106.87164,-6.34045],[106.87214,-6.34051],[106.87243,-6.34034],[106.87206,-6.33974],[106.87286,-6.33961],[106.87135,-6.33846],[106.86878,-6.33769],[106.86818,-6.33769],[106.86765,-6.33583],[106.86733,-6.33275]]]}},{"type":"Feature","properties":{"id":"31.75.06.1001","name":"Jatinegara"},"geometry":{"type":"Polygon","coordinates":[[[106.91082,-6.19248],[106.90903,-6.19247],[106.90904,-6.19132],[106.90756,-6.19107],[106.90758,-6.19093],[106.90621,-6.19041],[106.90529,-6.19622],[106.90469,-6.2018],[106.90237,-6.20699],[106.90085,-6.2133],[106.90708,-6.2136],[106.92475,-6.21577],[106.92491,-6.21226],[106.9247,-6.21127],[106.92595,-6.20855],[106.92779,-6.20669],[106.92794,-6.20204],[106.92847,-6.20122],[106.93092,-6.19969],[106.93235,-6.19959],[106.93276,-6.19919],[106.93304,-6.19815],[106.9331,-6.19676],[106.93221,-6.19549],[106.93233,-6.19401],[106.92796,-6.19394],[106.92742,-6.19423],[106.92703,-6.19546],[106.92657,-6.19578],[106.92643,-6.19574],[106.92648,-6.19549],[106.92602,-6.19529],[106.92608,-6.1951],[106.92543,-6.19495],[106.92503,-6.19471],[106.92506,-6.19453],[106.92267,-6.19429],[106.92257,-6.19474],[106.92181,-6.19459],[106.92174,-6.19482],[106.92135,-6.19476],[106.92147,-6.1937],[106.92103,-6.19271],[106.91737,-6.19287],[106.91082,-6.19277],[106.91082,-6.19248]]]}},{"type":"Feature","properties":{"id":"31.75.06.1002","name":"Rawa Terate"},"geometry":{"type":"Polygon","coordinates":[[[106.92389,-6.16869],[106.92357,-6.1685],[106.9235,-6.16819],[106.92419,-6.1666],[106.92419,-6.16587],[106.92367,-6.16514],[106.92373,-6.16334],[106.92205,-6.16228],[106.92185,-6.1626],[106.92106,-6.16671],[106.92111,-6.16744],[106.92026,-6.1698],[106.92117,-6.17589],[106.92191,-6.17823],[106.92175,-6.179],[106.92193,-6.18003],[106.92164,-6.18064],[106.92186,-6.18091],[106.92188,-6.18146],[106.92209,-6.18156],[106.92246,-6.18309],[106.91371,-6.18243],[106.91214,-6.18273],[106.91103,-6.18231],[106.91018,-6.18232],[106.90977,-6.18288],[106.90641,-6.18586],[106.9058,-6.18669],[106.90646,-6.18904],[106.90621,-6.19041],[106.90758,-6.19093],[106.90756,-6.19107],[106.90904,-6.19132],[106.90903,-6.19247],[106.91081,-6.19247],[106.91082,-6.19277],[106.91737,-6.19287],[106.92103,-6.19271],[106.92147,-6.1937],[106.92135,-6.19476],[106.92174,-6.19482],[106.92181,-6.19459],[106.92257,-6.19474],[106.92267,-6.19429],[106.92506,-6.19453],[106.92503,-6.19471],[106.92543,-6.19495],[106.92608,-6.1951],[106.92602,-6.19529],[106.92648,-6.19549],[106.92643,-6.19574],[106.92657,-6.19578],[106.92703,-6.19546],[106.92742,-6.19423],[106.92796,-6.19394],[106.93233,-6.19401],[106.93247,-6.19282],[106.93182,-6.19016],[106.93068,-6.18897],[106.92929,-6.18671],[106.9288,-6.18359],[106.92716,-6.18374],[106.92711,-6.18412],[106.92633,-6.18385],[106.92632,-6.18288],[106.9275,-6.18111],[106.9274,-6.18077],[106.92777,-6.18027],[106.92793,-6.17906],[106.92764,-6.1773],[106.92707,-6.17736],[106.92666,-6.17658],[106.92681,-6.1757],[106.92651,-6.17503],[106.92624,-6.17347],[106.92679,-6.1726],[106.92594,-6.17193],[106.92551,-6.17204],[106.92529,-6.1719],[106.926,-6.1707],[106.92585,-6.17042],[106.92535,-6.17022],[106.92591,-6.16968],[106.92563,-6.1693],[106.92566,-6.16871],[106.92547,-6.16857],[106.92389,-6.16869]]]}},{"type":"Feature","properties":{"id":"31.75.06.1003","name":"Penggilingan"},"geometry":{"type":"Polygon","coordinates":[[[106.93594,-6.18636],[106.93419,-6.18635],[106.93404,-6.18678],[106.93414,-6.18809],[106.93367,-6.18853],[106.93285,-6.18814],[106.93179,-6.18817],[106.92964,-6.18723],[106.93068,-6.18897],[106.93176,-6.19006],[106.9321,-6.19102],[106.93248,-6.19293],[106.93219,-6.19536],[106.93234,-6.19583],[106.93308,-6.19667],[106.93304,-6.19815],[106.93258,-6.19945],[106.93097,-6.19966],[106.92847,-6.20122],[106.92794,-6.20205],[106.92779,-6.20669],[106.92595,-6.20855],[106.9247,-6.21127],[106.92491,-6.21226],[106.92474,-6.21581],[106.94239,-6.21792],[106.94264,-6.21623],[106.94244,-6.21613],[106.94269,-6.21534],[106.94214,-6.21514],[106.94239,-6.21413],[106.9418,-6.21397],[106.9422,-6.21184],[106.94186,-6.21175],[106.94218,-6.21045],[106.94325,-6.2107],[106.9437,-6.20903],[106.94372,-6.20874],[106.9435,-6.20871],[106.94344,-6.2084],[106.9435,-6.20751],[106.94269,-6.20734],[106.94293,-6.20645],[106.94201,-6.20634],[106.94206,-6.20601],[106.94016,-6.20581],[106.94037,-6.20492],[106.94042,-6.2023],[106.94055,-6.20231],[106.9408,-6.20067],[106.94058,-6.20014],[106.94016,-6.20001],[106.94015,-6.19885],[106.94113,-6.19877],[106.94139,-6.198],[106.94177,-6.19799],[106.94175,-6.19381],[106.94058,-6.19353],[106.94063,-6.19338],[106.93911,-6.19288],[106.93928,-6.19222],[106.93878,-6.19019],[106.93835,-6.18908],[106.93791,-6.18859],[106.93785,-6.18789],[106.93729,-6.18695],[106.93594,-6.18636]]]}},{"type":"Feature","properties":{"id":"31.75.06.1004","name":"Cakung Timur"},"geometry":{"type":"Polygon","coordinates":[[[106.97152,-6.15426],[106.97066,-6.15426],[106.97085,-6.15732],[106.96919,-6.15732],[106.96913,-6.1556],[106.96793,-6.15583],[106.96769,-6.15515],[106.96323,-6.15634],[106.96101,-6.15578],[106.96087,-6.15721],[106.961,-6.15833],[106.95993,-6.1585],[106.95992,-6.15877],[106.95946,-6.15888],[106.95863,-6.15888],[106.9586,-6.15957],[106.95799,-6.1589],[106.95699,-6.15838],[106.95427,-6.15766],[106.95311,-6.15839],[106.9526,-6.16007],[106.95324,-6.16031],[106.95315,-6.16067],[106.95303,-6.16064],[106.9527,-6.16188],[106.95204,-6.16162],[106.95195,-6.16269],[106.95175,-6.16268],[106.95169,-6.16335],[106.94438,-6.16294],[106.94471,-6.15823],[106.94467,-6.15756],[106.94448,-6.15759],[106.94433,-6.15502],[106.94038,-6.15523],[106.9408,-6.1613],[106.94249,-6.17139],[106.94295,-6.17863],[106.94289,-6.18537],[106.94331,-6.19241],[106.94334,-6.19277],[106.94393,-6.19331],[106.94867,-6.19373],[106.94894,-6.1916],[106.94808,-6.1915],[106.94855,-6.18524],[106.9579,-6.18706],[106.95833,-6.18515],[106.95892,-6.1852],[106.95972,-6.18237],[106.96133,-6.17982],[106.96224,-6.17692],[106.9636,-6.17377],[106.96353,-6.17315],[106.96475,-6.17314],[106.96489,-6.17368],[106.96682,-6.17357],[106.96686,-6.17385],[106.96759,-6.17393],[106.96731,-6.17345],[106.97033,-6.17376],[106.97275,-6.17371],[106.97257,-6.17368],[106.97303,-6.17322],[106.97238,-6.17288],[106.97261,-6.17248],[106.97239,-6.17243],[106.9725,-6.17204],[106.97215,-6.17193],[106.97233,-6.17165],[106.97202,-6.17074],[106.97243,-6.17012],[106.97262,-6.16939],[106.97215,-6.16935],[106.97158,-6.16894],[106.97206,-6.16798],[106.97161,-6.16777],[106.97179,-6.1671],[106.97153,-6.16697],[106.97214,-6.1654],[106.97175,-6.16534],[106.97204,-6.16218],[106.97183,-6.16216],[106.97179,-6.16045],[106.97149,-6.16047],[106.97152,-6.15426]]]}},{"type":"Feature","properties":{"id":"31.75.06.1005","name":"Pulo Gebang"},"geometry":{"type":"Polygon","coordinates":[[[106.96688,-6.19445],[106.96706,-6.19273],[106.96579,-6.1921],[106.96466,-6.19259],[106.96277,-6.19436],[106.96195,-6.19577],[106.96111,-6.19609],[106.96018,-6.19598],[106.95848,-6.19521],[106.95719,-6.19548],[106.95598,-6.19457],[106.95309,-6.19353],[106.94943,-6.19385],[106.94436,-6.19344],[106.94393,-6.19331],[106.943,-6.19255],[106.94212,-6.193],[106.94063,-6.19338],[106.94058,-6.19353],[106.94175,-6.19381],[106.94177,-6.19799],[106.94139,-6.198],[106.94113,-6.19877],[106.94015,-6.19885],[106.94016,-6.20001],[106.94058,-6.20014],[106.9408,-6.20067],[106.94055,-6.20231],[106.94042,-6.2023],[106.94037,-6.20492],[106.94016,-6.20581],[106.94206,-6.20601],[106.94201,-6.20634],[106.94293,-6.20645],[106.94269,-6.20734],[106.9435,-6.20751],[106.94344,-6.2084],[106.9435,-6.20871],[106.94372,-6.20874],[106.94325,-6.2107],[106.94218,-6.21045],[106.94186,-6.21175],[106.9422,-6.21184],[106.9418,-6.21397],[106.94239,-6.21413],[106.94214,-6.21514],[106.94269,-6.21534],[106.94244,-6.21613],[106.94264,-6.21623],[106.94239,-6.21792],[106.95158,-6.21908],[106.9516,-6.21895],[106.95379,-6.21921],[106.9536,-6.2187],[106.95363,-6.21795],[106.95406,-6.21748],[106.95498,-6.21741],[106.95542,-6.21754],[106.95584,-6.21794],[106.95633,-6.21785],[106.95704,-6.21815],[106.95766,-6.21773],[106.95824,-6.21658],[106.9583,-6.21507],[106.95864,-6.21366],[106.95907,-6.21288],[106.95902,-6.21234],[106.96028,-6.21233],[106.96032,-6.21178],[106.96134,-6.21169],[106.96185,-6.21204],[106.96282,-6.21217],[106.96298,-6.21112],[106.96406,-6.20978],[106.96512,-6.2079],[106.96624,-6.20693],[106.96633,-6.20622],[106.96585,-6.20581],[106.96631,-6.20527],[106.96587,-6.20515],[106.96569,-6.20487],[106.96615,-6.20441],[106.96615,-6.20373],[106.96652,-6.20308],[106.96623,-6.20288],[106.96646,-6.20221],[106.96616,-6.20177],[106.96606,-6.20112],[106.96756,-6.19865],[106.96711,-6.19856],[106.96752,-6.19782],[106.96653,-6.19734],[106.96636,-6.19511],[106.96688,-6.19445]]]}},{"type":"Feature","properties":{"id":"31.75.06.1006","name":"Ujung Menteng"},"geometry":{"type":"Polygon","coordinates":[[[106.96488,-6.17359],[106.96475,-6.17314],[106.96353,-6.17315],[106.9636,-6.17377],[106.96224,-6.17692],[106.96133,-6.17982],[106.95972,-6.18237],[106.95892,-6.1852],[106.95833,-6.18515],[106.9579,-6.18706],[106.94855,-6.18524],[106.94808,-6.1915],[106.94894,-6.1916],[106.94867,-6.19373],[106.95064,-6.19382],[106.95312,-6.19353],[106.95598,-6.19457],[106.95719,-6.19548],[106.95848,-6.19521],[106.96018,-6.19598],[106.9612,-6.19608],[106.96195,-6.19577],[106.96277,-6.19436],[106.96466,-6.19259],[106.96595,-6.19212],[106.96708,-6.19277],[106.96688,-6.19446],[106.96641,-6.19493],[106.96635,-6.19523],[106.96653,-6.19734],[106.96752,-6.19782],[106.96711,-6.19856],[106.96858,-6.19863],[106.96976,-6.19794],[106.97052,-6.1979],[106.97002,-6.19534],[106.97059,-6.19521],[106.97064,-6.19212],[106.97126,-6.19262],[106.97141,-6.19246],[106.97182,-6.19191],[106.97214,-6.19097],[106.97204,-6.19007],[106.97223,-6.18991],[106.97195,-6.18956],[106.973,-6.18944],[106.97312,-6.18723],[106.97296,-6.18686],[106.97321,-6.18558],[106.97247,-6.18536],[106.9732,-6.18283],[106.97326,-6.1816],[106.97315,-6.18033],[106.97298,-6.18023],[106.97339,-6.17923],[106.97291,-6.17904],[106.97317,-6.17733],[106.97293,-6.1757],[106.97276,-6.17563],[106.97302,-6.17503],[106.97271,-6.17397],[106.97281,-6.17373],[106.97033,-6.17376],[106.96731,-6.17345],[106.96759,-6.17393],[106.96686,-6.17385],[106.96682,-6.17357],[106.96488,-6.17359]]]}},{"type":"Feature","properties":{"id":"31.75.06.1007","name":"Cakung Barat"},"geometry":{"type":"Polygon","coordinates":[[[106.9408,-6.1613],[106.94016,-6.15137],[106.93894,-6.15241],[106.93569,-6.15856],[106.93488,-6.15836],[106.93338,-6.15835],[106.93309,-6.15847],[106.93313,-6.1591],[106.93212,-6.15911],[106.93115,-6.15928],[106.93122,-6.15945],[106.92976,-6.15962],[106.92845,-6.16013],[106.92861,-6.16039],[106.92424,-6.16121],[106.92197,-6.16126],[106.92205,-6.16228],[106.92357,-6.1631],[106.92375,-6.1634],[106.92367,-6.16514],[106.92418,-6.1658],[106.92419,-6.1666],[106.92354,-6.16843],[106.92389,-6.16869],[106.92561,-6.16865],[106.92563,-6.1693],[106.92591,-6.16968],[106.92535,-6.17022],[106.92585,-6.17042],[106.926,-6.1707],[106.92529,-6.1719],[106.92551,-6.17204],[106.92594,-6.17193],[106.92679,-6.1726],[106.92624,-6.17347],[106.92651,-6.17503],[106.92681,-6.1757],[106.92666,-6.17658],[106.92707,-6.17736],[106.92764,-6.1773],[106.92793,-6.17906],[106.92777,-6.18027],[106.9274,-6.18077],[106.9275,-6.18111],[106.92632,-6.18288],[106.92635,-6.18387],[106.92711,-6.18412],[106.92716,-6.18374],[106.9288,-6.18359],[106.92935,-6.18682],[106.92964,-6.18723],[106.93179,-6.18817],[106.93285,-6.18814],[106.93376,-6.18849],[106.93414,-6.18809],[106.93404,-6.18678],[106.93426,-6.18631],[106.93571,-6.18629],[106.93723,-6.18691],[106.93785,-6.18789],[106.93791,-6.18859],[106.93835,-6.18908],[106.93876,-6.19012],[106.93928,-6.19222],[106.93911,-6.19288],[106.94069,-6.19339],[106.94118,-6.19313],[106.94212,-6.193],[106.94294,-6.19255],[106.94334,-6.19277],[106.9429,-6.1857],[106.94295,-6.17863],[106.94257,-6.17229],[106.9408,-6.1613]]]}},{"type":"Feature","properties":{"id":"31.75.07.1001","name":"Duren Sawit"},"geometry":{"type":"Polygon","coordinates":[[[106.92417,-6.22043],[106.91826,-6.22068],[106.91668,-6.22091],[106.91637,-6.22132],[106.91562,-6.22092],[106.91266,-6.22445],[106.91234,-6.22511],[106.91058,-6.22447],[106.91015,-6.22403],[106.90881,-6.22407],[106.90763,-6.22332],[106.90759,-6.223],[106.90659,-6.22306],[106.90466,-6.22278],[106.90461,-6.22409],[106.90468,-6.22478],[106.90484,-6.22485],[106.90328,-6.22746],[106.90499,-6.22808],[106.90491,-6.23051],[106.90875,-6.23055],[106.90875,-6.2319],[106.90911,-6.232],[106.90843,-6.23283],[106.9084,-6.23332],[106.91012,-6.23342],[106.90989,-6.23916],[106.9106,-6.23918],[106.9106,-6.24055],[106.91094,-6.2406],[106.91076,-6.24225],[106.90969,-6.24554],[106.90996,-6.24555],[106.90986,-6.24642],[106.9101,-6.2465],[106.90978,-6.24748],[106.91266,-6.24821],[106.9141,-6.24837],[106.92104,-6.24784],[106.92008,-6.24483],[106.92045,-6.24373],[106.92131,-6.24289],[106.92171,-6.24167],[106.92236,-6.24096],[106.92218,-6.23995],[106.92267,-6.23855],[106.92297,-6.23665],[106.92379,-6.23441],[106.9238,-6.23323],[106.92322,-6.22966],[106.92363,-6.22824],[106.92384,-6.22824],[106.92464,-6.22603],[106.92417,-6.22043]]]}},{"type":"Feature","properties":{"id":"31.75.07.1002","name":"Pondok Bambu"},"geometry":{"type":"Polygon","coordinates":[[[106.8981,-6.22309],[106.89356,-6.22316],[106.89327,-6.2249],[106.89344,-6.2252],[106.89308,-6.22555],[106.89284,-6.22644],[106.89264,-6.22664],[106.89198,-6.22674],[106.89144,-6.2273],[106.89131,-6.22795],[106.89168,-6.22846],[106.89081,-6.22877],[106.89026,-6.22923],[106.89001,-6.22971],[106.89005,-6.23117],[106.89145,-6.23242],[106.89208,-6.23465],[106.89184,-6.23506],[106.89204,-6.23579],[106.89216,-6.23583],[106.89255,-6.2352],[106.89295,-6.23537],[106.89282,-6.23576],[106.89296,-6.23643],[106.8922,-6.23722],[106.89223,-6.23755],[106.89272,-6.23779],[106.89281,-6.23804],[106.89222,-6.23886],[106.89216,-6.23952],[106.89357,-6.23977],[106.8945,-6.24026],[106.89844,-6.24354],[106.89939,-6.2441],[106.90637,-6.24661],[106.90978,-6.24748],[106.9101,-6.2465],[106.90986,-6.24642],[106.90996,-6.24555],[106.90969,-6.24554],[106.91076,-6.24225],[106.91094,-6.2406],[106.9106,-6.24055],[106.9106,-6.23918],[106.90989,-6.23916],[106.91012,-6.23342],[106.9084,-6.23332],[106.90843,-6.23283],[106.90911,-6.232],[106.90875,-6.2319],[106.90875,-6.23055],[106.90491,-6.23051],[106.90499,-6.22808],[106.90328,-6.22746],[106.90484,-6.22485],[106.90468,-6.22478],[106.9046,-6.22336],[106.90387,-6.22344],[106.90344,-6.22387],[106.90218,-6.22433],[106.89965,-6.22443],[106.89906,-6.2244],[106.89925,-6.22327],[106.8981,-6.22309]]]}},{"type":"Feature","properties":{"id":"31.75.07.1003","name":"Klender"},"geometry":{"type":"Polygon","coordinates":[[[106.90589,-6.21348],[106.89576,-6.2132],[106.8959,-6.21544],[106.89614,-6.21618],[106.89584,-6.21696],[106.89524,-6.21706],[106.89503,-6.21819],[106.89517,-6.21847],[106.8959,-6.21887],[106.89611,-6.22001],[106.89565,-6.22138],[106.89479,-6.22165],[106.89401,-6.22222],[106.89362,-6.22271],[106.89356,-6.22316],[106.89803,-6.22308],[106.89925,-6.22327],[106.89906,-6.2244],[106.90004,-6.22443],[106.90195,-6.22436],[106.90297,-6.22409],[106.90387,-6.22344],[106.90458,-6.22339],[106.90466,-6.22278],[106.90659,-6.22306],[106.90757,-6.22299],[106.90763,-6.22332],[106.90881,-6.22407],[106.91015,-6.22403],[106.91058,-6.22447],[106.91234,-6.22511],[106.91266,-6.22445],[106.91562,-6.22092],[106.91637,-6.22132],[106.91668,-6.22091],[106.91811,-6.2207],[106.92417,-6.22037],[106.92475,-6.21914],[106.92475,-6.21577],[106.90589,-6.21348]]]}},{"type":"Feature","properties":{"id":"31.75.07.1004","name":"Pondok Kelapa"},"geometry":{"type":"Polygon","coordinates":[[[106.92704,-6.23133],[106.92622,-6.23078],[106.92643,-6.23003],[106.92624,-6.22924],[106.92634,-6.22849],[106.9258,-6.22844],[106.92519,-6.22703],[106.92445,-6.22668],[106.92384,-6.22824],[106.92363,-6.22824],[106.92323,-6.22949],[106.92383,-6.23412],[106.92295,-6.23674],[106.92267,-6.23855],[106.92218,-6.23995],[106.92236,-6.24096],[106.92171,-6.24167],[106.92131,-6.24289],[106.92045,-6.24373],[106.92008,-6.24483],[106.92102,-6.24771],[106.92104,-6.2486],[106.92082,-6.24925],[106.92118,-6.25022],[106.92099,-6.25073],[106.92173,-6.25133],[106.92174,-6.25166],[106.92144,-6.25182],[106.92184,-6.25268],[106.9216,-6.25319],[106.92191,-6.25343],[106.92224,-6.25498],[106.92235,-6.25475],[106.92408,-6.25467],[106.92505,-6.25433],[106.92532,-6.25432],[106.92539,-6.25478],[106.92568,-6.25475],[106.92574,-6.25428],[106.92681,-6.25452],[106.92683,-6.2543],[106.92717,-6.25432],[106.92721,-6.25409],[106.92815,-6.2543],[106.92872,-6.25398],[106.92974,-6.25418],[106.92988,-6.2544],[106.92997,-6.25413],[106.93096,-6.25428],[106.93111,-6.25361],[106.93216,-6.25378],[106.93478,-6.25366],[106.93478,-6.25334],[106.93516,-6.25324],[106.93582,-6.2535],[106.93586,-6.25313],[106.94083,-6.25359],[106.94108,-6.25322],[106.94143,-6.25313],[106.94161,-6.25329],[106.94177,-6.25267],[106.94343,-6.25277],[106.94349,-6.25239],[106.944,-6.2524],[106.94373,-6.24936],[106.94396,-6.24797],[106.94414,-6.24784],[106.94443,-6.24667],[106.94406,-6.24659],[106.94401,-6.24531],[106.94499,-6.2455],[106.94491,-6.2438],[106.94371,-6.24383],[106.9435,-6.24198],[106.94374,-6.241],[106.94362,-6.23917],[106.94326,-6.23918],[106.94323,-6.2387],[106.9428,-6.23869],[106.94278,-6.23751],[106.94261,-6.23728],[106.9404,-6.23696],[106.94,-6.23647],[106.9394,-6.23624],[106.93948,-6.23369],[106.93859,-6.23369],[106.93838,-6.2328],[106.93561,-6.2327],[106.9353,-6.23326],[106.93474,-6.23316],[106.93481,-6.23264],[106.9299,-6.23241],[106.92912,-6.2318],[106.9288,-6.23204],[106.92812,-6.23133],[106.92704,-6.23133]]]}},{"type":"Feature","properties":{"id":"31.75.07.1005","name":"Malaka Sari"},"geometry":{"type":"Polygon","coordinates":[[[106.93208,-6.23252],[106.93222,-6.22883],[106.93202,-6.22857],[106.93191,-6.22764],[106.93203,-6.22756],[106.93143,-6.22581],[106.93216,-6.22503],[106.93233,-6.2222],[106.93115,-6.21912],[106.93138,-6.21661],[106.92474,-6.21581],[106.92477,-6.21905],[106.92417,-6.22035],[106.92466,-6.22552],[106.92445,-6.22668],[106.92519,-6.22703],[106.9258,-6.22844],[106.92634,-6.22849],[106.92624,-6.22924],[106.92643,-6.23003],[106.92622,-6.23078],[106.92698,-6.23131],[106.92812,-6.23133],[106.9288,-6.23204],[106.92912,-6.2318],[106.93,-6.23242],[106.93208,-6.23252]]]}},{"type":"Feature","properties":{"id":"31.75.07.1006","name":"Malaka Jaya"},"geometry":{"type":"Polygon","coordinates":[[[106.93794,-6.22663],[106.93782,-6.22432],[106.93888,-6.22346],[106.93917,-6.22082],[106.93885,-6.2195],[106.93891,-6.21858],[106.93817,-6.21845],[106.93826,-6.21742],[106.93138,-6.21661],[106.93115,-6.21912],[106.93233,-6.2222],[106.93216,-6.22503],[106.93143,-6.22581],[106.93203,-6.22756],[106.93191,-6.22764],[106.93202,-6.22857],[106.93222,-6.22883],[106.93208,-6.23252],[106.93481,-6.23264],[106.93524,-6.22889],[106.9362,-6.22727],[106.936,-6.22722],[106.93607,-6.22651],[106.93794,-6.22663]]]}},{"type":"Feature","properties":{"id":"31.75.07.1007","name":"Pondok Kopi"},"geometry":{"type":"Polygon","coordinates":[[[106.95149,-6.21944],[106.95158,-6.21908],[106.94721,-6.21847],[106.93826,-6.21742],[106.93817,-6.21845],[106.9389,-6.21857],[106.93885,-6.2195],[106.93916,-6.2205],[106.93888,-6.22346],[106.93782,-6.22432],[106.93794,-6.22663],[106.93607,-6.22651],[106.936,-6.22722],[106.9362,-6.22727],[106.93524,-6.22889],[106.93474,-6.23316],[106.93541,-6.23325],[106.93563,-6.23269],[106.93839,-6.23281],[106.93859,-6.23369],[106.93948,-6.23369],[106.93929,-6.23606],[106.94,-6.23647],[106.9404,-6.23696],[106.9424,-6.2372],[106.94278,-6.23751],[106.94457,-6.23667],[106.94553,-6.23687],[106.947,-6.23029],[106.9471,-6.22952],[106.94688,-6.22826],[106.9475,-6.22556],[106.94882,-6.22201],[106.94927,-6.22161],[106.94975,-6.22062],[106.95079,-6.21935],[106.95149,-6.21944]]]}},{"type":"Feature","properties":{"id":"31.75.08.1001","name":"Makasar"},"geometry":{"type":"Polygon","coordinates":[[[106.87801,-6.27418],[106.87757,-6.27393],[106.87707,-6.27281],[106.87772,-6.27041],[106.87705,-6.26557],[106.87529,-6.265],[106.87299,-6.26476],[106.87302,-6.26669],[106.87266,-6.2695],[106.87266,-6.27182],[106.87283,-6.27363],[106.87357,-6.27664],[106.87685,-6.28467],[106.87998,-6.2852],[106.8803,-6.28466],[106.88034,-6.2829],[106.88128,-6.28203],[106.88195,-6.28054],[106.88166,-6.27968],[106.88148,-6.27794],[106.88113,-6.27779],[106.88127,-6.2765],[106.88112,-6.27631],[106.88122,-6.27607],[106.88158,-6.27601],[106.88163,-6.27428],[106.88199,-6.27369],[106.88226,-6.2736],[106.8823,-6.27273],[106.8819,-6.27251],[106.87858,-6.27407],[106.87801,-6.27418]]]}},{"type":"Feature","properties":{"id":"31.75.08.1002","name":"Pinangranti"},"geometry":{"type":"Polygon","coordinates":[[[106.88271,-6.27338],[106.88255,-6.2722],[106.88196,-6.27249],[106.8823,-6.27273],[106.88227,-6.27358],[106.88166,-6.27415],[106.88158,-6.27601],[106.88122,-6.27607],[106.88112,-6.27631],[106.88127,-6.2765],[106.88113,-6.27779],[106.88148,-6.27794],[106.88166,-6.27968],[106.88195,-6.28054],[106.88128,-6.28203],[106.88034,-6.2829],[106.88029,-6.28472],[106.87998,-6.2852],[106.87685,-6.28467],[106.88235,-6.29807],[106.88335,-6.30212],[106.88938,-6.30209],[106.88943,-6.30259],[106.89258,-6.30255],[106.89254,-6.3017],[106.89227,-6.30167],[106.89214,-6.29897],[106.89277,-6.29898],[106.8928,-6.29722],[106.89135,-6.29682],[106.89061,-6.29638],[106.88962,-6.29468],[106.8894,-6.2933],[106.88857,-6.29196],[106.88853,-6.29108],[106.88811,-6.29064],[106.88774,-6.29064],[106.88691,-6.28961],[106.88671,-6.28896],[106.88684,-6.28797],[106.8861,-6.28563],[106.88597,-6.28423],[106.8862,-6.28361],[106.88562,-6.2827],[106.88536,-6.28174],[106.88472,-6.28117],[106.88455,-6.27853],[106.88352,-6.27648],[106.88329,-6.27486],[106.88304,-6.27426],[106.88315,-6.27376],[106.88271,-6.27338]]]}},{"type":"Feature","properties":{"id":"31.75.08.1003","name":"Kebon Pala"},"geometry":{"type":"Polygon","coordinates":[[[106.87882,-6.24003],[106.87795,-6.24006],[106.87723,-6.243],[106.87625,-6.24413],[106.87359,-6.25067],[106.87346,-6.25179],[106.87249,-6.25382],[106.87241,-6.2557],[106.87322,-6.25943],[106.87299,-6.26476],[106.87529,-6.265],[106.87827,-6.26586],[106.88012,-6.26556],[106.88072,-6.2658],[106.88224,-6.26703],[106.88339,-6.26694],[106.88371,-6.26676],[106.88325,-6.26556],[106.88423,-6.26412],[106.88212,-6.26259],[106.88267,-6.26065],[106.88248,-6.25993],[106.88276,-6.25887],[106.88232,-6.25866],[106.88174,-6.25873],[106.88232,-6.25826],[106.88209,-6.25788],[106.88255,-6.25712],[106.88213,-6.2567],[106.88235,-6.25622],[106.88113,-6.25354],[106.8817,-6.25274],[106.88141,-6.25],[106.88189,-6.24918],[106.88196,-6.24862],[106.88156,-6.24781],[106.88081,-6.24751],[106.88021,-6.2468],[106.87963,-6.24653],[106.87989,-6.24583],[106.87951,-6.24538],[106.87943,-6.24469],[106.87904,-6.24414],[106.87934,-6.2434],[106.87942,-6.24188],[106.87925,-6.24138],[106.87885,-6.2411],[106.87882,-6.24003]]]}},{"type":"Feature","properties":{"id":"31.75.08.1004","name":"Halim Perdana Kusuma"},"geometry":{"type":"Polygon","coordinates":[[[106.89325,-6.24169],[106.88783,-6.24108],[106.87937,-6.24171],[106.87934,-6.2434],[106.87904,-6.24414],[106.87943,-6.24469],[106.87951,-6.24538],[106.87989,-6.24583],[106.87963,-6.24653],[106.88021,-6.2468],[106.88081,-6.24751],[106.88156,-6.24781],[106.88196,-6.24862],[106.88189,-6.24918],[106.88141,-6.25],[106.8817,-6.25274],[106.88113,-6.25354],[106.88235,-6.25622],[106.88213,-6.2567],[106.88255,-6.25712],[106.88209,-6.25788],[106.88232,-6.25826],[106.88174,-6.25873],[106.88232,-6.25866],[106.88276,-6.25887],[106.88248,-6.25993],[106.88267,-6.26065],[106.88212,-6.26259],[106.88423,-6.26412],[106.88325,-6.26556],[106.88371,-6.26674],[106.88352,-6.26692],[106.88224,-6.26703],[106.88072,-6.2658],[106.88012,-6.26556],[106.87827,-6.26586],[106.87705,-6.26557],[106.87772,-6.27041],[106.87707,-6.2725],[106.87711,-6.27293],[106.87757,-6.27393],[106.87819,-6.27419],[106.88255,-6.2722],[106.88271,-6.27338],[106.88315,-6.27376],[106.88304,-6.27426],[106.88329,-6.27486],[106.88352,-6.27648],[106.88455,-6.27853],[106.88472,-6.28117],[106.88536,-6.28174],[106.88562,-6.2827],[106.8862,-6.28361],[106.88597,-6.28423],[106.8861,-6.28563],[106.88684,-6.28797],[106.88673,-6.28912],[106.88774,-6.29064],[106.89626,-6.28946],[106.89725,-6.28877],[106.89973,-6.28551],[106.90005,-6.28533],[106.90874,-6.28436],[106.90849,-6.28275],[106.90793,-6.28244],[106.90875,-6.2816],[106.90895,-6.28087],[106.90901,-6.28053],[106.90869,-6.28025],[106.9086,-6.27899],[106.9089,-6.27824],[106.90881,-6.27749],[106.90913,-6.27711],[106.90934,-6.27593],[106.90925,-6.27542],[106.90939,-6.27503],[106.90914,-6.27439],[106.9093,-6.27362],[106.91006,-6.2727],[106.90965,-6.27223],[106.9094,-6.27266],[106.90856,-6.27283],[106.90839,-6.27201],[106.90756,-6.27205],[106.90708,-6.27227],[106.90667,-6.27197],[106.90656,-6.2716],[106.90613,-6.27175],[106.90569,-6.27131],[106.9055,-6.27031],[106.90423,-6.2703],[106.90492,-6.26918],[106.90563,-6.26883],[106.90542,-6.26838],[106.90554,-6.26777],[106.90538,-6.26767],[106.90514,-6.26789],[106.90491,-6.26767],[106.90508,-6.26646],[106.90457,-6.26617],[106.905,-6.26554],[106.90472,-6.26504],[106.90477,-6.26466],[106.9053,-6.26453],[106.90502,-6.26416],[106.90505,-6.26338],[106.90556,-6.26333],[106.90532,-6.26288],[106.90476,-6.26257],[106.90435,-6.26205],[106.90522,-6.26071],[106.90544,-6.25998],[106.90627,-6.25951],[106.90641,-6.2592],[106.90611,-6.25871],[106.90545,-6.25865],[106.90526,-6.25779],[106.90541,-6.25771],[106.9056,-6.25798],[106.90577,-6.25761],[106.90609,-6.25772],[106.90649,-6.25703],[106.90573,-6.25628],[106.90497,-6.25683],[106.90493,-6.25632],[106.90447,-6.25699],[106.90415,-6.25686],[106.90394,-6.25625],[106.90432,-6.25597],[106.9045,-6.25481],[106.90324,-6.25391],[106.90353,-6.25313],[106.90222,-6.2517],[106.90174,-6.25046],[106.90175,-6.24951],[106.90106,-6.24925],[106.90115,-6.24846],[106.90075,-6.24846],[106.90029,-6.24816],[106.89969,-6.24618],[106.8993,-6.24609],[106.89906,-6.24582],[106.89869,-6.24582],[106.89535,-6.24389],[106.8933,-6.24325],[106.89322,-6.24306],[106.89348,-6.24275],[106.89324,-6.24237],[106.89371,-6.24207],[106.89325,-6.24169]]]}},{"type":"Feature","properties":{"id":"31.75.08.1005","name":"Cipinang Melayu"},"geometry":{"type":"Polygon","coordinates":[[[106.89398,-6.23996],[106.89274,-6.23956],[106.88975,-6.23945],[106.87882,-6.23998],[106.87884,-6.24101],[106.87937,-6.24171],[106.88783,-6.24108],[106.89318,-6.24166],[106.89371,-6.24207],[106.89324,-6.24237],[106.89348,-6.24275],[106.89322,-6.24306],[106.8933,-6.24325],[106.89535,-6.24389],[106.89869,-6.24582],[106.89906,-6.24582],[106.8993,-6.24609],[106.89967,-6.24616],[106.90029,-6.24816],[106.90075,-6.24846],[106.90115,-6.24846],[106.90106,-6.24925],[106.90175,-6.24951],[106.90174,-6.25046],[106.90222,-6.2517],[106.90353,-6.25313],[106.90324,-6.25391],[106.9045,-6.25481],[106.90432,-6.25597],[106.90394,-6.25625],[106.90415,-6.25686],[106.90447,-6.25699],[106.90493,-6.25632],[106.90497,-6.25683],[106.90573,-6.25628],[106.90649,-6.25705],[106.90609,-6.25772],[106.90577,-6.25761],[106.9056,-6.25798],[106.90541,-6.25771],[106.90526,-6.25779],[106.90545,-6.25865],[106.90611,-6.25871],[106.90641,-6.25911],[106.90629,-6.2595],[106.90559,-6.25984],[106.9054,-6.26021],[106.90999,-6.25806],[106.91041,-6.25804],[106.91009,-6.2554],[106.91144,-6.25547],[106.91171,-6.2551],[106.91198,-6.25509],[106.91196,-6.25535],[106.91305,-6.2559],[106.91304,-6.2561],[106.91476,-6.25621],[106.91477,-6.25693],[106.91561,-6.25696],[106.91655,-6.25638],[106.91657,-6.25612],[106.91696,-6.25628],[106.91713,-6.25484],[106.91827,-6.25487],[106.91832,-6.25379],[106.9187,-6.25381],[106.91875,-6.25316],[106.91848,-6.25301],[106.91858,-6.25258],[106.91761,-6.25231],[106.91782,-6.25178],[106.91924,-6.25118],[106.91972,-6.25139],[106.92052,-6.25122],[106.92063,-6.25238],[106.92041,-6.25245],[106.92039,-6.25298],[106.92068,-6.25368],[106.92109,-6.25364],[106.92176,-6.2551],[106.92224,-6.25498],[106.92191,-6.25343],[106.9216,-6.25319],[106.92184,-6.25268],[106.92144,-6.25182],[106.92174,-6.25166],[106.92173,-6.25133],[106.92099,-6.25073],[106.92118,-6.25022],[106.92082,-6.24925],[106.92103,-6.24868],[106.92104,-6.24784],[106.91364,-6.24835],[106.90637,-6.24661],[106.89897,-6.24391],[106.89398,-6.23996]]]}},{"type":"Feature","properties":{"id":"31.75.09.1001","name":"Ciracas"},"geometry":{"type":"Polygon","coordinates":[[[106.87555,-6.3146],[106.87469,-6.31418],[106.87341,-6.31582],[106.87299,-6.31719],[106.87303,-6.31804],[106.87279,-6.31924],[106.87246,-6.32007],[106.87088,-6.3196],[106.87023,-6.32083],[106.86974,-6.3235],[106.86767,-6.32293],[106.86732,-6.32263],[106.86741,-6.32233],[106.86477,-6.32189],[106.86359,-6.32605],[106.86361,-6.32682],[106.86389,-6.32756],[106.86554,-6.32952],[106.86643,-6.33027],[106.86726,-6.33199],[106.86765,-6.33583],[106.86818,-6.33769],[106.86878,-6.33769],[106.87135,-6.33846],[106.87286,-6.33961],[106.87286,-6.33898],[106.87354,-6.33859],[106.87362,-6.33794],[106.87455,-6.33718],[106.87417,-6.33706],[106.87409,-6.3367],[106.87437,-6.33633],[106.87437,-6.33583],[106.87492,-6.33584],[106.87483,-6.33505],[106.87531,-6.33513],[106.87601,-6.33416],[106.8766,-6.33421],[106.87683,-6.33365],[106.87761,-6.33284],[106.87768,-6.33214],[106.87824,-6.33181],[106.87826,-6.33126],[106.87922,-6.33082],[106.87948,-6.33131],[106.88081,-6.33092],[106.88047,-6.33023],[106.88092,-6.3293],[106.88067,-6.32912],[106.88028,-6.32788],[106.88181,-6.32811],[106.8838,-6.32878],[106.88513,-6.32883],[106.88639,-6.32931],[106.88656,-6.3296],[106.88675,-6.33186],[106.8874,-6.33177],[106.88716,-6.32921],[106.88701,-6.31944],[106.88581,-6.31895],[106.8858,-6.31861],[106.88506,-6.31836],[106.88365,-6.31889],[106.88152,-6.31821],[106.88058,-6.31696],[106.87859,-6.31616],[106.87802,-6.31541],[106.87578,-6.3143],[106.87555,-6.3146]]]}},{"type":"Feature","properties":{"id":"31.75.09.1002","name":"Cibubur"},"geometry":{"type":"Polygon","coordinates":[[[106.87296,-6.33969],[106.87206,-6.33974],[106.87243,-6.34034],[106.87214,-6.34051],[106.87164,-6.34045],[106.87135,-6.34103],[106.87209,-6.34109],[106.87208,-6.34176],[106.87254,-6.34208],[106.87213,-6.34321],[106.87221,-6.34352],[106.87263,-6.34371],[106.87299,-6.34345],[106.87326,-6.34364],[106.87327,-6.34389],[106.87178,-6.34589],[106.87138,-6.34566],[106.87124,-6.34599],[106.87014,-6.3464],[106.87045,-6.34673],[106.87038,-6.34705],[106.86962,-6.34708],[106.86985,-6.34758],[106.86986,-6.34818],[106.86962,-6.34808],[106.86908,-6.3485],[106.86871,-6.34853],[106.86937,-6.34981],[106.8693,-6.35],[106.86879,-6.3501],[106.86849,-6.35103],[106.86863,-6.35124],[106.86922,-6.35132],[106.86932,-6.3516],[106.86976,-6.35156],[106.86976,-6.35181],[106.86946,-6.35179],[106.86934,-6.35319],[106.86903,-6.35364],[106.86883,-6.35337],[106.86868,-6.35345],[106.86931,-6.35445],[106.86945,-6.35443],[106.86938,-6.35398],[106.8702,-6.35323],[106.87024,-6.35284],[106.87104,-6.3527],[106.87162,-6.35318],[106.87105,-6.35331],[106.87105,-6.35363],[106.87139,-6.35384],[106.87205,-6.35374],[106.87244,-6.35452],[106.87247,-6.3551],[106.87305,-6.35493],[106.87324,-6.35563],[106.87426,-6.35591],[106.87388,-6.35651],[106.87304,-6.35722],[106.87294,-6.3576],[106.87201,-6.35788],[106.87205,-6.35849],[106.8723,-6.35875],[106.87133,-6.36004],[106.87271,-6.36126],[106.87368,-6.36092],[106.87401,-6.36133],[106.87516,-6.36166],[106.87585,-6.36153],[106.87664,-6.36194],[106.8768,-6.36154],[106.87719,-6.36154],[106.87736,-6.36133],[106.87803,-6.36139],[106.87825,-6.36108],[106.87899,-6.3611],[106.87869,-6.36143],[106.87905,-6.36173],[106.87834,-6.36197],[106.87841,-6.36235],[106.87807,-6.36264],[106.87793,-6.36315],[106.87829,-6.364],[106.87888,-6.36391],[106.87952,-6.3647],[106.87994,-6.36464],[106.88009,-6.36428],[106.88066,-6.36456],[106.88089,-6.3653],[106.88065,-6.3662],[106.88101,-6.36661],[106.8822,-6.36628],[106.88206,-6.36523],[106.88238,-6.36488],[106.88263,-6.36507],[106.8831,-6.36473],[106.8836,-6.36492],[106.88367,-6.36522],[106.88322,-6.36585],[106.88332,-6.36621],[106.88375,-6.36652],[106.88374,-6.36759],[106.8839,-6.36779],[106.8831,-6.36833],[106.88266,-6.36995],[106.88342,-6.37005],[106.88363,-6.37034],[106.88311,-6.3716],[106.88388,-6.37211],[106.88478,-6.37201],[106.88468,-6.37251],[106.88742,-6.37261],[106.88824,-6.36975],[106.88909,-6.36793],[106.88974,-6.36871],[106.89332,-6.37006],[106.89565,-6.37143],[106.89286,-6.35612],[106.89154,-6.35133],[106.88888,-6.35226],[106.88371,-6.35173],[106.88002,-6.35163],[106.87839,-6.35119],[106.87664,-6.34972],[106.87922,-6.33986],[106.87389,-6.34055],[106.87296,-6.33969]]]}},{"type":"Feature","properties":{"id":"31.75.09.1003","name":"Kelapa Dua Wetan"},"geometry":{"type":"Polygon","coordinates":[[[106.88398,-6.32879],[106.88181,-6.32811],[106.88022,-6.32792],[106.88067,-6.32912],[106.88092,-6.3293],[106.88047,-6.33023],[106.88081,-6.33092],[106.87948,-6.33131],[106.87922,-6.33082],[106.87826,-6.33126],[106.87824,-6.33181],[106.87768,-6.33214],[106.87761,-6.33284],[106.87683,-6.33365],[106.8766,-6.33421],[106.87601,-6.33416],[106.87531,-6.33513],[106.87483,-6.33505],[106.87492,-6.33584],[106.87437,-6.33583],[106.87437,-6.33633],[106.87409,-6.3367],[106.87417,-6.33706],[106.87455,-6.33718],[106.87362,-6.33794],[106.87354,-6.33859],[106.87286,-6.33898],[106.87286,-6.33961],[106.87389,-6.34055],[106.87922,-6.33986],[106.87664,-6.34972],[106.87839,-6.35119],[106.88002,-6.35163],[106.88352,-6.35172],[106.88914,-6.35224],[106.89154,-6.35133],[106.89007,-6.3459],[106.8874,-6.33177],[106.88675,-6.33186],[106.88647,-6.32936],[106.88513,-6.32883],[106.88398,-6.32879]]]}},{"type":"Feature","properties":{"id":"31.75.09.1004","name":"Susukan"},"geometry":{"type":"Polygon","coordinates":[[[106.87241,-6.32009],[106.87303,-6.31804],[106.87299,-6.31719],[106.8734,-6.31586],[106.87468,-6.31421],[106.87541,-6.31293],[106.87504,-6.31231],[106.87602,-6.31202],[106.87639,-6.31039],[106.87627,-6.30917],[106.87403,-6.30833],[106.87321,-6.30724],[106.87305,-6.3058],[106.87272,-6.30507],[106.87182,-6.30419],[106.87108,-6.30386],[106.86826,-6.30362],[106.86693,-6.30295],[106.86597,-6.30416],[106.86218,-6.3108],[106.86273,-6.31421],[106.86405,-6.31737],[106.86486,-6.31999],[106.86495,-6.321],[106.86477,-6.32189],[106.86741,-6.32233],[106.86732,-6.32263],[106.86767,-6.32293],[106.86974,-6.3235],[106.87023,-6.32083],[106.87088,-6.3196],[106.87241,-6.32009]]]}},{"type":"Feature","properties":{"id":"31.75.09.1005","name":"Rambutan"},"geometry":{"type":"Polygon","coordinates":[[[106.8721,-6.28743],[106.87065,-6.287],[106.87074,-6.28868],[106.87202,-6.29322],[106.87151,-6.29594],[106.87099,-6.2975],[106.87028,-6.29885],[106.86693,-6.30295],[106.86826,-6.30362],[106.87108,-6.30386],[106.87182,-6.30419],[106.87272,-6.30507],[106.87305,-6.3058],[106.87321,-6.30724],[106.87403,-6.30833],[106.87627,-6.30917],[106.87639,-6.31039],[106.87602,-6.31202],[106.87504,-6.31231],[106.87541,-6.31293],[106.87469,-6.31418],[106.87556,-6.31461],[106.8758,-6.3143],[106.87802,-6.31541],[106.87859,-6.31616],[106.88058,-6.31696],[106.88152,-6.31821],[106.88365,-6.31889],[106.88506,-6.31836],[106.8858,-6.31861],[106.88581,-6.31895],[106.88701,-6.31944],[106.88651,-6.31583],[106.88416,-6.30559],[106.88226,-6.30572],[106.87928,-6.30641],[106.8792,-6.30538],[106.87877,-6.30512],[106.8782,-6.3051],[106.87817,-6.30408],[106.87739,-6.30364],[106.87716,-6.30228],[106.87591,-6.30166],[106.87539,-6.30199],[106.87465,-6.30162],[106.87451,-6.30111],[106.87475,-6.30066],[106.87452,-6.30055],[106.87454,-6.29991],[106.87389,-6.30024],[106.87361,-6.3007],[106.873,-6.30026],[106.87304,-6.29943],[106.87269,-6.29902],[106.87304,-6.29868],[106.8731,-6.29826],[106.87381,-6.29825],[106.87409,-6.29802],[106.87382,-6.29751],[106.87383,-6.29721],[106.87437,-6.29715],[106.87414,-6.2964],[106.87463,-6.29597],[106.87518,-6.29583],[106.87524,-6.29504],[106.87476,-6.29469],[106.87378,-6.29466],[106.87354,-6.29375],[106.87371,-6.29291],[106.87309,-6.29267],[106.87329,-6.29202],[106.87363,-6.29207],[106.87409,-6.2915],[106.87349,-6.29088],[106.87329,-6.29089],[106.87287,-6.28964],[106.87202,-6.28887],[106.87173,-6.28817],[106.8721,-6.28743]]]}},{"type":"Feature","properties":{"id":"31.75.10.1001","name":"Cipayung"},"geometry":{"type":"Polygon","coordinates":[[[106.89423,-6.32218],[106.89442,-6.32126],[106.89016,-6.31927],[106.88964,-6.3207],[106.88864,-6.3222],[106.88701,-6.32179],[106.88728,-6.33081],[106.88903,-6.34045],[106.89156,-6.33992],[106.89197,-6.33924],[106.89248,-6.339],[106.89311,-6.33918],[106.89373,-6.33886],[106.89443,-6.33768],[106.89459,-6.33704],[106.89479,-6.33695],[106.89497,-6.3371],[106.89581,-6.33601],[106.89635,-6.33593],[106.89751,-6.33498],[106.89728,-6.33428],[106.8962,-6.33369],[106.89491,-6.3336],[106.895,-6.33344],[106.89631,-6.33256],[106.89728,-6.33243],[106.89856,-6.33109],[106.89999,-6.33106],[106.90055,-6.32968],[106.90181,-6.32779],[106.90289,-6.32679],[106.90641,-6.32423],[106.90705,-6.32288],[106.90446,-6.32255],[106.90391,-6.32221],[106.90358,-6.32248],[106.90259,-6.32239],[106.9022,-6.32227],[106.9023,-6.32167],[106.90105,-6.32136],[106.90062,-6.3223],[106.89981,-6.3232],[106.89967,-6.32386],[106.89919,-6.32428],[106.89889,-6.325],[106.89909,-6.3253],[106.89801,-6.32786],[106.89786,-6.32747],[106.89654,-6.32696],[106.89641,-6.32667],[106.89568,-6.32624],[106.89564,-6.32534],[106.89457,-6.32364],[106.89486,-6.3234],[106.89481,-6.32305],[106.89423,-6.32218]]]}},{"type":"Feature","properties":{"id":"31.75.10.1002","name":"Cilangkap"},"geometry":{"type":"Polygon","coordinates":[[[106.91376,-6.32056],[106.91374,-6.31532],[106.91222,-6.31522],[106.912,-6.32048],[106.90975,-6.32045],[106.90943,-6.32062],[106.90921,-6.32446],[106.90628,-6.32435],[106.90207,-6.3275],[106.90055,-6.32968],[106.89999,-6.33106],[106.89849,-6.33112],[106.89728,-6.33243],[106.89631,-6.33256],[106.89492,-6.33356],[106.8962,-6.33369],[106.89668,-6.33394],[106.89735,-6.33434],[106.89751,-6.33498],[106.89635,-6.33593],[106.89581,-6.33601],[106.89497,-6.3371],[106.89479,-6.33695],[106.89459,-6.33704],[106.89443,-6.33768],[106.89373,-6.33886],[106.894,-6.33923],[106.89472,-6.33963],[106.89543,-6.33993],[106.89571,-6.33974],[106.89684,-6.34006],[106.89925,-6.34145],[106.8989,-6.34198],[106.89785,-6.34247],[106.89728,-6.34366],[106.89802,-6.34403],[106.89845,-6.34448],[106.89912,-6.3435],[106.8998,-6.3437],[106.90033,-6.34467],[106.90101,-6.34533],[106.90159,-6.34761],[106.9015,-6.348],[106.90039,-6.34931],[106.90037,-6.35015],[106.8997,-6.35156],[106.90056,-6.35174],[106.90102,-6.3521],[106.90249,-6.35201],[106.90326,-6.35226],[106.90415,-6.3509],[106.90562,-6.34701],[106.90753,-6.34393],[106.90915,-6.34341],[106.90979,-6.34275],[106.90989,-6.34211],[106.9095,-6.34149],[106.90934,-6.34075],[106.91021,-6.33886],[106.91113,-6.33913],[106.91164,-6.3403],[106.91573,-6.34126],[106.91618,-6.34099],[106.91802,-6.34131],[106.91873,-6.34185],[106.91891,-6.34154],[106.91971,-6.3415],[106.91905,-6.34004],[106.9188,-6.33987],[106.91845,-6.33995],[106.91819,-6.33957],[106.91829,-6.33917],[106.91958,-6.33866],[106.91911,-6.33783],[106.91908,-6.33718],[106.91967,-6.33674],[106.91949,-6.33509],[106.91975,-6.33464],[106.91971,-6.33366],[106.92061,-6.33301],[106.92095,-6.33078],[106.92052,-6.33043],[106.9203,-6.32926],[106.9205,-6.32896],[106.91998,-6.32846],[106.92004,-6.32768],[106.91924,-6.32727],[106.91832,-6.32725],[106.91923,-6.32634],[106.91923,-6.32593],[106.91894,-6.32564],[106.91904,-6.32526],[106.92056,-6.32504],[106.92092,-6.32456],[106.91946,-6.32446],[106.91954,-6.32403],[106.9201,-6.32355],[106.92011,-6.32139],[106.91988,-6.32116],[106.91787,-6.32078],[106.91743,-6.32046],[106.91599,-6.32021],[106.91556,-6.32061],[106.91376,-6.32056]]]}},{"type":"Feature","properties":{"id":"31.75.10.1003","name":"Pondok Ranggon"},"geometry":{"type":"Polygon","coordinates":[[[106.91569,-6.34125],[106.91164,-6.3403],[106.91113,-6.33913],[106.91021,-6.33886],[106.90934,-6.34075],[106.9095,-6.34149],[106.90989,-6.34211],[106.90977,-6.34277],[106.90915,-6.34341],[106.90753,-6.34393],[106.90562,-6.34701],[106.90415,-6.3509],[106.90326,-6.35226],[106.90249,-6.35201],[106.90124,-6.35209],[106.90115,-6.35247],[106.90141,-6.35286],[106.90253,-6.3535],[106.90232,-6.35396],[106.90183,-6.35418],[106.90185,-6.35467],[106.90208,-6.35499],[106.90197,-6.35522],[106.90176,-6.35535],[106.90147,-6.35518],[106.90147,-6.35487],[106.90039,-6.35411],[106.90001,-6.3544],[106.89987,-6.35433],[106.89959,-6.35468],[106.89945,-6.3554],[106.89673,-6.35427],[106.89643,-6.35386],[106.89622,-6.3541],[106.89633,-6.35427],[106.89603,-6.35454],[106.89567,-6.356],[106.896,-6.35732],[106.89556,-6.3574],[106.89591,-6.35809],[106.89585,-6.35841],[106.89491,-6.35897],[106.89342,-6.35911],[106.89565,-6.37143],[106.89635,-6.37176],[106.89614,-6.36932],[106.89646,-6.36934],[106.89681,-6.36985],[106.89715,-6.3696],[106.8976,-6.36882],[106.90128,-6.37021],[106.90163,-6.36927],[106.90113,-6.36912],[106.90104,-6.36936],[106.90065,-6.36925],[106.90059,-6.36962],[106.89996,-6.36919],[106.90141,-6.36767],[106.90129,-6.36756],[106.90203,-6.36714],[106.90254,-6.36655],[106.90283,-6.36589],[106.90303,-6.36588],[106.90334,-6.36515],[106.90464,-6.36355],[106.90476,-6.36317],[106.9052,-6.36292],[106.90582,-6.361],[106.9057,-6.36066],[106.90602,-6.35967],[106.90649,-6.35969],[106.90645,-6.35992],[106.90672,-6.35997],[106.90683,-6.35962],[106.9073,-6.35971],[106.90733,-6.36011],[106.90701,-6.36023],[106.90689,-6.36073],[106.90759,-6.36114],[106.90859,-6.36118],[106.9092,-6.36176],[106.90852,-6.36197],[106.90867,-6.36223],[106.91016,-6.36315],[106.91039,-6.36372],[106.91306,-6.36466],[106.91356,-6.36521],[106.91427,-6.36554],[106.91454,-6.3652],[106.91457,-6.36458],[106.91503,-6.36398],[106.91489,-6.36323],[106.91612,-6.36308],[106.91615,-6.36261],[106.91547,-6.36238],[106.91473,-6.3617],[106.91474,-6.36123],[106.91541,-6.36089],[106.91549,-6.36051],[106.9153,-6.36036],[106.91485,-6.36048],[106.91428,-6.36019],[106.91445,-6.35916],[106.91417,-6.35891],[106.9136,-6.35884],[106.91375,-6.35859],[106.91481,-6.35827],[106.91472,-6.3576],[106.91516,-6.3573],[106.91541,-6.35675],[106.9161,-6.35635],[106.91682,-6.35665],[106.91713,-6.35652],[106.91677,-6.35567],[106.91614,-6.35554],[106.91542,-6.35497],[106.91602,-6.35456],[106.91585,-6.35427],[106.9161,-6.35419],[106.91615,-6.35378],[106.91681,-6.35365],[106.91698,-6.35317],[106.91731,-6.35299],[106.91671,-6.35268],[106.91683,-6.35176],[106.91652,-6.35163],[106.9165,-6.3514],[106.91685,-6.35125],[106.91698,-6.35088],[106.91764,-6.35072],[106.91782,-6.35044],[106.91694,-6.3492],[106.91612,-6.34889],[106.91623,-6.34846],[106.91718,-6.34814],[106.91724,-6.34788],[106.91666,-6.34685],[106.91622,-6.34691],[106.9159,-6.34633],[106.91721,-6.34629],[106.91727,-6.34604],[106.91696,-6.34575],[106.91717,-6.34532],[106.91728,-6.34381],[106.91822,-6.3439],[106.91895,-6.34358],[106.91939,-6.34366],[106.9195,-6.34344],[106.91926,-6.3429],[106.91864,-6.3427],[106.91855,-6.34237],[106.91873,-6.34185],[106.91802,-6.34131],[106.91618,-6.34099],[106.91569,-6.34125]]]}},{"type":"Feature","properties":{"id":"31.75.10.1004","name":"Munjul"},"geometry":{"type":"Polygon","coordinates":[[[106.89387,-6.33896],[106.89324,-6.33899],[106.89311,-6.33918],[106.89248,-6.339],[106.89197,-6.33924],[106.89156,-6.33992],[106.88903,-6.34045],[106.89021,-6.34655],[106.89286,-6.35612],[106.89342,-6.35911],[106.89491,-6.35897],[106.89585,-6.35841],[106.89591,-6.35809],[106.89556,-6.3574],[106.896,-6.35732],[106.89571,-6.35561],[106.89643,-6.35386],[106.89673,-6.35427],[106.89945,-6.3554],[106.89959,-6.35468],[106.89987,-6.35433],[106.90001,-6.3544],[106.90039,-6.35411],[106.90147,-6.35487],[106.90147,-6.35518],[106.90176,-6.35535],[106.90208,-6.35499],[106.90185,-6.35467],[106.90183,-6.35418],[106.90232,-6.35396],[106.90253,-6.35363],[106.90246,-6.35339],[106.90124,-6.35268],[106.90124,-6.35211],[106.90056,-6.35174],[106.8997,-6.35156],[106.90037,-6.35015],[106.90039,-6.34931],[106.9015,-6.348],[106.90159,-6.34761],[106.90101,-6.34533],[106.90033,-6.34467],[106.8998,-6.3437],[106.89912,-6.3435],[106.89845,-6.34448],[106.89802,-6.34403],[106.89728,-6.34366],[106.89785,-6.34247],[106.8989,-6.34198],[106.89925,-6.34145],[106.89746,-6.34034],[106.89571,-6.33974],[106.89543,-6.33993],[106.894,-6.33923],[106.89387,-6.33896]]]}},{"type":"Feature","properties":{"id":"31.75.10.1005","name":"Setu"},"geometry":{"type":"Polygon","coordinates":[[[106.91571,-6.30267],[106.91484,-6.30227],[106.91458,-6.30269],[106.91428,-6.30268],[106.91398,-6.30316],[106.91381,-6.30454],[106.91396,-6.30556],[106.91365,-6.30698],[106.91046,-6.30703],[106.90825,-6.30904],[106.90808,-6.30976],[106.90728,-6.31126],[106.90697,-6.31141],[106.90673,-6.31198],[106.90592,-6.31285],[106.90627,-6.31397],[106.90617,-6.31595],[106.90642,-6.31604],[106.90658,-6.31645],[106.90611,-6.31656],[106.90632,-6.31772],[106.90608,-6.31848],[106.9085,-6.31895],[106.90787,-6.31966],[106.90728,-6.32128],[106.907,-6.32311],[106.90628,-6.32435],[106.90921,-6.32446],[106.90943,-6.32062],[106.90975,-6.32045],[106.912,-6.32048],[106.91222,-6.31522],[106.91374,-6.31532],[106.91375,-6.32056],[106.91556,-6.32061],[106.91599,-6.32021],[106.91992,-6.32117],[106.92011,-6.32139],[106.9201,-6.32355],[106.91954,-6.32403],[106.91946,-6.32446],[106.92092,-6.32456],[106.92151,-6.32419],[106.92166,-6.32286],[106.9213,-6.32253],[106.92135,-6.32196],[106.92056,-6.32127],[106.92061,-6.32054],[106.92089,-6.32033],[106.92089,-6.31967],[106.92119,-6.31929],[106.92072,-6.31836],[106.92098,-6.31795],[106.92141,-6.31812],[106.92203,-6.31758],[106.92196,-6.31692],[106.92224,-6.3164],[106.92192,-6.31568],[106.92282,-6.31419],[106.92233,-6.31397],[106.92216,-6.31297],[106.92184,-6.31254],[106.9214,-6.31222],[106.92086,-6.31233],[106.92062,-6.312],[106.92121,-6.30938],[106.92065,-6.30824],[106.92118,-6.30783],[106.92096,-6.30725],[106.92156,-6.30743],[106.92161,-6.3058],[106.92143,-6.30552],[106.92177,-6.30493],[106.92139,-6.30458],[106.92169,-6.30424],[106.92178,-6.30339],[106.92137,-6.30328],[106.92107,-6.30235],[106.91571,-6.30267]]]}},{"type":"Feature","properties":{"id":"31.75.10.1006","name":"Bambu Apus"},"geometry":{"type":"Polygon","coordinates":[[[106.90859,-6.29968],[106.90605,-6.29967],[106.90597,-6.30317],[106.90584,-6.30305],[106.90543,-6.30347],[106.90501,-6.30295],[106.90464,-6.30307],[106.90441,-6.30285],[106.90401,-6.30332],[106.9034,-6.30351],[106.89787,-6.30364],[106.89775,-6.30582],[106.89734,-6.30605],[106.89589,-6.3063],[106.8957,-6.30695],[106.89489,-6.30791],[106.89442,-6.30905],[106.89431,-6.31088],[106.89408,-6.31169],[106.89397,-6.31457],[106.8961,-6.31494],[106.89599,-6.3157],[106.8963,-6.31653],[106.89551,-6.31852],[106.89364,-6.32096],[106.89442,-6.32126],[106.89423,-6.32228],[106.89481,-6.32304],[106.89486,-6.3234],[106.89457,-6.32364],[106.89564,-6.32534],[106.89568,-6.32624],[106.89641,-6.32667],[106.89654,-6.32696],[106.89786,-6.32747],[106.89801,-6.32786],[106.89909,-6.3253],[106.89889,-6.325],[106.89919,-6.32428],[106.89967,-6.32386],[106.89981,-6.3232],[106.90062,-6.3223],[106.90105,-6.32136],[106.9023,-6.32167],[106.9022,-6.32227],[106.90259,-6.32239],[106.90358,-6.32248],[106.90391,-6.32221],[106.90446,-6.32255],[106.90705,-6.32288],[106.90756,-6.32042],[106.90787,-6.31966],[106.9085,-6.31895],[106.90608,-6.31848],[106.90632,-6.31772],[106.90611,-6.31656],[106.90658,-6.31645],[106.90642,-6.31604],[106.90617,-6.31595],[106.90627,-6.31397],[106.90592,-6.31285],[106.90673,-6.31198],[106.90697,-6.31141],[106.90728,-6.31126],[106.90808,-6.30976],[106.90825,-6.30904],[106.91046,-6.30703],[106.91368,-6.30694],[106.91396,-6.30548],[106.91381,-6.30454],[106.91392,-6.30331],[106.91428,-6.30268],[106.91458,-6.30269],[106.91484,-6.30227],[106.91413,-6.30263],[106.91194,-6.30275],[106.91246,-6.30171],[106.91095,-6.30049],[106.91049,-6.3012],[106.90982,-6.3015],[106.90877,-6.30154],[106.90851,-6.30138],[106.90859,-6.29968]]]}},{"type":"Feature","properties":{"id":"31.75.10.1007","name":"Lubang Buaya"},"geometry":{"type":"Polygon","coordinates":[[[106.90998,-6.28736],[106.91051,-6.28692],[106.9095,-6.28649],[106.90998,-6.2862],[106.91009,-6.2859],[106.90902,-6.28558],[106.90874,-6.28436],[106.90022,-6.2853],[106.89973,-6.28551],[106.89725,-6.28877],[106.89626,-6.28946],[106.88784,-6.29062],[106.88814,-6.29066],[106.88853,-6.29108],[106.88857,-6.29196],[106.8894,-6.2933],[106.88962,-6.29468],[106.89061,-6.29638],[106.89135,-6.29682],[106.89278,-6.29719],[106.89277,-6.29898],[106.9018,-6.29911],[106.90171,-6.29951],[106.90859,-6.29968],[106.90851,-6.30138],[106.90877,-6.30154],[106.90982,-6.3015],[106.91049,-6.3012],[106.91095,-6.30049],[106.91246,-6.30171],[106.91194,-6.30275],[106.91413,-6.30263],[106.91481,-6.30226],[106.91576,-6.30267],[106.92107,-6.30235],[106.92061,-6.30166],[106.92108,-6.30128],[106.92067,-6.30016],[106.92034,-6.30004],[106.91945,-6.30075],[106.91903,-6.30053],[106.91923,-6.30004],[106.91919,-6.29903],[106.91894,-6.29894],[106.91802,-6.29973],[106.9178,-6.29951],[106.91765,-6.29802],[106.917,-6.2982],[106.91552,-6.29716],[106.91501,-6.29707],[106.91465,-6.29722],[106.91441,-6.29809],[106.9136,-6.29818],[106.91373,-6.29873],[106.91358,-6.29891],[106.91308,-6.29893],[106.91241,-6.29825],[106.9119,-6.29822],[106.91174,-6.29729],[106.91186,-6.29643],[106.91123,-6.29621],[106.91112,-6.29586],[106.91185,-6.29509],[106.91239,-6.29496],[106.91246,-6.29461],[106.91208,-6.29439],[106.91139,-6.2946],[106.91057,-6.29411],[106.91034,-6.2942],[106.91025,-6.29357],[106.9104,-6.29296],[106.91099,-6.29309],[106.91174,-6.29191],[106.91133,-6.29139],[106.91111,-6.29186],[106.91128,-6.29228],[106.91075,-6.2922],[106.91045,-6.2914],[106.91127,-6.29099],[106.91181,-6.29023],[106.91137,-6.29021],[106.91085,-6.29082],[106.91057,-6.29052],[106.91076,-6.28987],[106.9106,-6.28979],[106.90972,-6.29077],[106.90942,-6.29067],[106.91009,-6.2896],[106.91002,-6.28898],[106.9097,-6.28859],[106.91012,-6.28803],[106.90998,-6.28736]]]}},{"type":"Feature","properties":{"id":"31.75.10.1008","name":"Ceger"},"geometry":{"type":"Polygon","coordinates":[[[106.9018,-6.29911],[106.89214,-6.29897],[106.89227,-6.30167],[106.89254,-6.3017],[106.89258,-6.30255],[106.88943,-6.30259],[106.88938,-6.30209],[106.88335,-6.30212],[106.88667,-6.3166],[106.88699,-6.31902],[106.88708,-6.3218],[106.88864,-6.3222],[106.88964,-6.3207],[106.89016,-6.31927],[106.89364,-6.32096],[106.89551,-6.31852],[106.8963,-6.31653],[106.89599,-6.3157],[106.8961,-6.31494],[106.89396,-6.31451],[106.89437,-6.30925],[106.89475,-6.30818],[106.8957,-6.30695],[106.89589,-6.3063],[106.89734,-6.30605],[106.89775,-6.30582],[106.89787,-6.30364],[106.9034,-6.30351],[106.90401,-6.30332],[106.90441,-6.30285],[106.90464,-6.30307],[106.90501,-6.30295],[106.90543,-6.30347],[106.90584,-6.30305],[106.90597,-6.30317],[106.90605,-6.29967],[106.90171,-6.29951],[106.9018,-6.29911]]]}}]}